"","ID","TotID","Year","Plot","SPP","Status","RWI.x","gini.x","PmET.x","CMD.x","tCWD.x","mTMX.x","mTMN.x","tPPT.x","TerraDEF.x","TerraPDSI.x","cindex.x","mHSF.x","sdHSF.x","mLumenLength.x","sdLumenLength.x","mdblwall.x","sddblwall.x","mHSFsl.x","sdHSFsl.x","c(TotID)","RWI","gini","PmET","CMD","tCWD","mTMX","mTMN","tPPT","TerraDEF","TerraPDSI","cindex","mHSF","sdHSF","mLumenLength","sdLumenLength","mdblwall","sddblwall","mHSFsl","sdHSFsl","RWI.x1","gini.x1","PmET.x1","CMD.x1","tCWD.x1","mTMX.x1","mTMN.x1","tPPT.x1","TerraDEF.x1","TerraPDSI.x1","cindex.x1","mHSF.x1","sdHSF.x1","mLumenLength.x1","sdLumenLength.x1","RWI.x2","gini.x2","PmET.x2","CMD.x2","tCWD.x2","mTMX.x2","mTMN.x2","tPPT.x2","TerraDEF.x2","TerraPDSI.x2","cindex.x2","mHSF.x2","sdHSF.x2","mLumenLength.x2","sdLumenLength.x2","RWIDEF","RWIDEF1","RWIPET","RWIPET1","RWICWD","RWICWD1","RWICMD","RWICMD1","RWIPDSI","RWIPDSI1","RWITMN","RWITMN1","mHSFDEF","mHSFDEF1","mHSFPET","mHSFPET1","mHSFCWD","mHSFCWD1","mHSFCMD","mHSFCMD1","mHSFPDSI","mHSFPDSI1","mHSFTMN","mHSFTMN1","HSFgini"
"RJP001","RJP001",4546,2017,"RJP","PIJE",0,1.05313300136129,0.146,NA,588,457.6,28.39,9.63,0.37,555.9,54.84,NA,NA,NA,NA,NA,NA,NA,NA,NA,NA,NA,NA,NA,NA,NA,NA,NA,NA,NA,NA,NA,NA,NA,NA,NA,NA,NA,NA,NA,1.05313300136129,0.146,NA,588,457.6,28.39,9.63,0.37,555.9,54.84,NA,NA,NA,NA,NA,1.05313300136129,0.146,NA,588,457.6,28.39,9.63,0.37,555.9,54.84,NA,NA,NA,NA,NA,NA,NA,NA,NA,NA,NA,NA,NA,NA,NA,NA,NA,NA,NA,NA,NA,NA,NA,NA,NA,NA,NA,NA,NA,NA
"RJP017","RJP017",4547,2017,"RJP","PIJE",0,1.01986385587213,0.154,NA,588,457.6,28.39,9.63,0.37,555.9,54.84,NA,NA,NA,NA,NA,NA,NA,NA,NA,NA,NA,NA,NA,NA,NA,NA,NA,NA,NA,NA,NA,NA,NA,NA,NA,NA,NA,NA,NA,1.01986385587213,0.154,NA,588,457.6,28.39,9.63,0.37,555.9,54.84,NA,NA,NA,NA,NA,1.01986385587213,0.154,NA,588,457.6,28.39,9.63,0.37,555.9,54.84,NA,NA,NA,NA,NA,NA,NA,NA,NA,NA,NA,NA,NA,NA,NA,NA,NA,NA,NA,NA,NA,NA,NA,NA,NA,NA,NA,NA,NA,NA
"RJP043","RJP043",4548,2017,"RJP","PIJE",0,1.22789028583995,0.249,NA,588,457.6,28.39,9.63,0.37,555.9,54.84,NA,NA,NA,NA,NA,NA,NA,NA,NA,NA,NA,NA,NA,NA,NA,NA,NA,NA,NA,NA,NA,NA,NA,NA,NA,NA,NA,NA,NA,1.22789028583995,0.249,NA,588,457.6,28.39,9.63,0.37,555.9,54.84,NA,NA,NA,NA,NA,1.22789028583995,0.249,NA,588,457.6,28.39,9.63,0.37,555.9,54.84,NA,NA,NA,NA,NA,NA,NA,NA,NA,NA,NA,NA,NA,NA,NA,NA,NA,NA,NA,NA,NA,NA,NA,NA,NA,NA,NA,NA,NA,NA
"RJP044","RJP044",4549,2017,"RJP","PIJE",0,0.973518319580753,0.203,NA,588,457.6,28.39,9.63,0.37,555.9,54.84,NA,NA,NA,NA,NA,NA,NA,NA,NA,NA,NA,NA,NA,NA,NA,NA,NA,NA,NA,NA,NA,NA,NA,NA,NA,NA,NA,NA,NA,0.973518319580753,0.203,NA,588,457.6,28.39,9.63,0.37,555.9,54.84,NA,NA,NA,NA,NA,0.973518319580753,0.203,NA,588,457.6,28.39,9.63,0.37,555.9,54.84,NA,NA,NA,NA,NA,NA,NA,NA,NA,NA,NA,NA,NA,NA,NA,NA,NA,NA,NA,NA,NA,NA,NA,NA,NA,NA,NA,NA,NA,NA
"RJP045","RJP045",4550,2017,"RJP","PILA",0,1.02993386150644,0.226,NA,588,457.6,28.39,9.63,0.37,555.9,54.84,NA,NA,NA,NA,NA,NA,NA,NA,NA,NA,NA,NA,NA,NA,NA,NA,NA,NA,NA,NA,NA,NA,NA,NA,NA,NA,NA,NA,NA,1.02993386150644,0.226,NA,588,457.6,28.39,9.63,0.37,555.9,54.84,NA,NA,NA,NA,NA,1.02993386150644,0.226,NA,588,457.6,28.39,9.63,0.37,555.9,54.84,NA,NA,NA,NA,NA,NA,NA,NA,NA,NA,NA,NA,NA,NA,NA,NA,NA,NA,NA,NA,NA,NA,NA,NA,NA,NA,NA,NA,NA,NA
"RJP932","RJP932",4551,2017,"RJP","PIJE",0,1.19954975442348,0.249,NA,588,457.6,28.39,9.63,0.37,555.9,54.84,NA,NA,NA,NA,NA,NA,NA,NA,NA,NA,NA,NA,NA,NA,NA,NA,NA,NA,NA,NA,NA,NA,NA,NA,NA,NA,NA,NA,NA,1.19954975442348,0.249,NA,588,457.6,28.39,9.63,0.37,555.9,54.84,NA,NA,NA,NA,NA,1.19954975442348,0.249,NA,588,457.6,28.39,9.63,0.37,555.9,54.84,NA,NA,NA,NA,NA,NA,NA,NA,NA,NA,NA,NA,NA,NA,NA,NA,NA,NA,NA,NA,NA,NA,NA,NA,NA,NA,NA,NA,NA,NA
"RJP933","RJP933",4552,2017,"RJP","PIJE",0,1.05829817247295,0.275,NA,588,457.6,28.39,9.63,0.37,555.9,54.84,NA,NA,NA,NA,NA,NA,NA,NA,NA,NA,NA,NA,NA,NA,NA,NA,NA,NA,NA,NA,NA,NA,NA,NA,NA,NA,NA,NA,NA,1.05829817247295,0.275,NA,588,457.6,28.39,9.63,0.37,555.9,54.84,NA,NA,NA,NA,NA,1.05829817247295,0.275,NA,588,457.6,28.39,9.63,0.37,555.9,54.84,NA,NA,NA,NA,NA,NA,NA,NA,NA,NA,NA,NA,NA,NA,NA,NA,NA,NA,NA,NA,NA,NA,NA,NA,NA,NA,NA,NA,NA,NA
"RJP935","RJP935",4553,2017,"RJP","PIJE",0,0.862521303970952,0.218,NA,588,457.6,28.39,9.63,0.37,555.9,54.84,NA,NA,NA,NA,NA,NA,NA,NA,NA,NA,NA,NA,NA,NA,NA,NA,NA,NA,NA,NA,NA,NA,NA,NA,NA,NA,NA,NA,NA,0.862521303970952,0.218,NA,588,457.6,28.39,9.63,0.37,555.9,54.84,NA,NA,NA,NA,NA,0.862521303970952,0.218,NA,588,457.6,28.39,9.63,0.37,555.9,54.84,NA,NA,NA,NA,NA,NA,NA,NA,NA,NA,NA,NA,NA,NA,NA,NA,NA,NA,NA,NA,NA,NA,NA,NA,NA,NA,NA,NA,NA,NA
"RJPOP1","RJPOP1",4554,2017,"RJP","PIJE",0,1.18048473375696,0.156,NA,588,457.6,28.39,9.63,0.37,555.9,54.84,NA,NA,NA,NA,NA,NA,NA,NA,NA,NA,NA,NA,NA,NA,NA,NA,NA,NA,NA,NA,NA,NA,NA,NA,NA,NA,NA,NA,NA,1.18048473375696,0.156,NA,588,457.6,28.39,9.63,0.37,555.9,54.84,NA,NA,NA,NA,NA,1.18048473375696,0.156,NA,588,457.6,28.39,9.63,0.37,555.9,54.84,NA,NA,NA,NA,NA,NA,NA,NA,NA,NA,NA,NA,NA,NA,NA,NA,NA,NA,NA,NA,NA,NA,NA,NA,NA,NA,NA,NA,NA,NA
"RJPOP2","RJPOP2",4555,2017,"RJP","PIJE",0,0.477126610089959,0.213,NA,588,457.6,28.39,9.63,0.37,555.9,54.84,NA,NA,NA,NA,NA,NA,NA,NA,NA,NA,NA,NA,NA,NA,NA,NA,NA,NA,NA,NA,NA,NA,NA,NA,NA,NA,NA,NA,NA,0.477126610089959,0.213,NA,588,457.6,28.39,9.63,0.37,555.9,54.84,NA,NA,NA,NA,NA,0.477126610089959,0.213,NA,588,457.6,28.39,9.63,0.37,555.9,54.84,NA,NA,NA,NA,NA,NA,NA,NA,NA,NA,NA,NA,NA,NA,NA,NA,NA,NA,NA,NA,NA,NA,NA,NA,NA,NA,NA,NA,NA,NA
"RP1001","RP1001",4556,2017,"RP1","PIPO",0,0.719475670298032,0.244,NA,786,508.4,33.3,13.32,0.07,660.8,59.39,NA,NA,NA,NA,NA,NA,NA,NA,NA,NA,NA,NA,NA,NA,NA,NA,NA,NA,NA,NA,NA,NA,NA,NA,NA,NA,NA,NA,NA,0.719475670298032,0.244,NA,786,508.4,33.3,13.32,0.07,660.8,59.39,NA,NA,NA,NA,NA,0.719475670298032,0.244,NA,786,508.4,33.3,13.32,0.07,660.8,59.39,NA,NA,NA,NA,NA,NA,NA,NA,NA,NA,NA,NA,NA,NA,NA,NA,NA,NA,NA,NA,NA,NA,NA,NA,NA,NA,NA,NA,NA,NA
"RP1002","RP1002",4557,2017,"RP1","PIPO",0,0.153275726073356,0.316,NA,786,508.4,33.3,13.32,0.07,660.8,59.39,2.027907854,NA,NA,NA,NA,NA,NA,NA,NA,NA,NA,NA,NA,NA,NA,NA,NA,NA,NA,NA,NA,NA,NA,NA,NA,NA,NA,NA,NA,0.153275726073356,0.316,NA,786,508.4,33.3,13.32,0.07,660.8,59.39,2.027907854,NA,NA,NA,NA,0.153275726073356,0.316,NA,786,508.4,33.3,13.32,0.07,660.8,59.39,2.027907854,NA,NA,NA,NA,NA,NA,NA,NA,NA,NA,NA,NA,NA,NA,NA,NA,NA,NA,NA,NA,NA,NA,NA,NA,NA,NA,NA,NA,NA
"RP1003","RP1003",4558,2017,"RP1","PIPO",0,0.981968843355301,0.296,NA,786,508.4,33.3,13.32,0.07,660.8,59.39,4.764881656,NA,NA,NA,NA,NA,NA,NA,NA,NA,NA,NA,NA,NA,NA,NA,NA,NA,NA,NA,NA,NA,NA,NA,NA,NA,NA,NA,NA,0.981968843355301,0.296,NA,786,508.4,33.3,13.32,0.07,660.8,59.39,4.764881656,NA,NA,NA,NA,0.981968843355301,0.296,NA,786,508.4,33.3,13.32,0.07,660.8,59.39,4.764881656,NA,NA,NA,NA,NA,NA,NA,NA,NA,NA,NA,NA,NA,NA,NA,NA,NA,NA,NA,NA,NA,NA,NA,NA,NA,NA,NA,NA,NA
"RP1005","RP1005",4559,2017,"RP1","PIPO",0,0.840364775664226,0.303,NA,786,508.4,33.3,13.32,0.07,660.8,59.39,2.474067257,NA,NA,NA,NA,NA,NA,NA,NA,NA,NA,NA,NA,NA,NA,NA,NA,NA,NA,NA,NA,NA,NA,NA,NA,NA,NA,NA,NA,0.840364775664226,0.303,NA,786,508.4,33.3,13.32,0.07,660.8,59.39,2.474067257,NA,NA,NA,NA,0.840364775664226,0.303,NA,786,508.4,33.3,13.32,0.07,660.8,59.39,2.474067257,NA,NA,NA,NA,NA,NA,NA,NA,NA,NA,NA,NA,NA,NA,NA,NA,NA,NA,NA,NA,NA,NA,NA,NA,NA,NA,NA,NA,NA
"RP1006","RP1006",4560,2017,"RP1","PIPO",0,0.79244621215611,0.29,NA,786,508.4,33.3,13.32,0.07,660.8,59.39,4.855552614,NA,NA,NA,NA,NA,NA,NA,NA,NA,NA,NA,NA,NA,NA,NA,NA,NA,NA,NA,NA,NA,NA,NA,NA,NA,NA,NA,NA,0.79244621215611,0.29,NA,786,508.4,33.3,13.32,0.07,660.8,59.39,4.855552614,NA,NA,NA,NA,0.79244621215611,0.29,NA,786,508.4,33.3,13.32,0.07,660.8,59.39,4.855552614,NA,NA,NA,NA,NA,NA,NA,NA,NA,NA,NA,NA,NA,NA,NA,NA,NA,NA,NA,NA,NA,NA,NA,NA,NA,NA,NA,NA,NA
"RP1007","RP1007",4561,2017,"RP1","PIPO",0,1.02504516884055,0.169,NA,786,508.4,33.3,13.32,0.07,660.8,59.39,4.215633503,NA,NA,NA,NA,NA,NA,NA,NA,NA,NA,NA,NA,NA,NA,NA,NA,NA,NA,NA,NA,NA,NA,NA,NA,NA,NA,NA,NA,1.02504516884055,0.169,NA,786,508.4,33.3,13.32,0.07,660.8,59.39,4.215633503,NA,NA,NA,NA,1.02504516884055,0.169,NA,786,508.4,33.3,13.32,0.07,660.8,59.39,4.215633503,NA,NA,NA,NA,NA,NA,NA,NA,NA,NA,NA,NA,NA,NA,NA,NA,NA,NA,NA,NA,NA,NA,NA,NA,NA,NA,NA,NA,NA
"RP1008","RP1008",4562,2017,"RP1","PIPO",0,0.63917502862499,0.178,NA,786,508.4,33.3,13.32,0.07,660.8,59.39,NA,NA,NA,NA,NA,NA,NA,NA,NA,NA,NA,NA,NA,NA,NA,NA,NA,NA,NA,NA,NA,NA,NA,NA,NA,NA,NA,NA,NA,0.63917502862499,0.178,NA,786,508.4,33.3,13.32,0.07,660.8,59.39,NA,NA,NA,NA,NA,0.63917502862499,0.178,NA,786,508.4,33.3,13.32,0.07,660.8,59.39,NA,NA,NA,NA,NA,NA,NA,NA,NA,NA,NA,NA,NA,NA,NA,NA,NA,NA,NA,NA,NA,NA,NA,NA,NA,NA,NA,NA,NA,NA
"RP1009","RP1009",4563,2017,"RP1","PIPO",0,1.04398308634321,0.3005,NA,786,508.4,33.3,13.32,0.07,660.8,59.39,4.165845671,NA,NA,NA,NA,NA,NA,NA,NA,NA,NA,NA,NA,NA,NA,NA,NA,NA,NA,NA,NA,NA,NA,NA,NA,NA,NA,NA,NA,1.04398308634321,0.3005,NA,786,508.4,33.3,13.32,0.07,660.8,59.39,4.165845671,NA,NA,NA,NA,1.04398308634321,0.3005,NA,786,508.4,33.3,13.32,0.07,660.8,59.39,4.165845671,NA,NA,NA,NA,NA,NA,NA,NA,NA,NA,NA,NA,NA,NA,NA,NA,NA,NA,NA,NA,NA,NA,NA,NA,NA,NA,NA,NA,NA
"RP1024","RP1024",4564,2017,"RP1","PIPO",0,0.766936326124898,0.46,NA,786,508.4,33.3,13.32,0.07,660.8,59.39,5.640036511,NA,NA,NA,NA,NA,NA,NA,NA,NA,NA,NA,NA,NA,NA,NA,NA,NA,NA,NA,NA,NA,NA,NA,NA,NA,NA,NA,NA,0.766936326124898,0.46,NA,786,508.4,33.3,13.32,0.07,660.8,59.39,5.640036511,NA,NA,NA,NA,0.766936326124898,0.46,NA,786,508.4,33.3,13.32,0.07,660.8,59.39,5.640036511,NA,NA,NA,NA,NA,NA,NA,NA,NA,NA,NA,NA,NA,NA,NA,NA,NA,NA,NA,NA,NA,NA,NA,NA,NA,NA,NA,NA,0
"RP1025","RP1025",4565,2017,"RP1","PIPO",0,0.711447963842011,0.16,NA,786,508.4,33.3,13.32,0.07,660.8,59.39,3.193466674,NA,NA,NA,NA,NA,NA,NA,NA,NA,NA,NA,NA,NA,NA,NA,NA,NA,NA,NA,NA,NA,NA,NA,NA,NA,NA,NA,NA,0.711447963842011,0.16,NA,786,508.4,33.3,13.32,0.07,660.8,59.39,3.193466674,NA,NA,NA,NA,0.711447963842011,0.16,NA,786,508.4,33.3,13.32,0.07,660.8,59.39,3.193466674,NA,NA,NA,NA,NA,NA,NA,NA,NA,NA,NA,NA,NA,NA,NA,NA,NA,NA,NA,NA,NA,NA,NA,NA,NA,NA,NA,NA,NA
"RP1027","RP1027",4566,2017,"RP1","PIPO",0,0.947387855216561,0.1765,NA,786,508.4,33.3,13.32,0.07,660.8,59.39,4.565301985,NA,NA,NA,NA,NA,NA,NA,NA,NA,NA,NA,NA,NA,NA,NA,NA,NA,NA,NA,NA,NA,NA,NA,NA,NA,NA,NA,NA,0.947387855216561,0.1765,NA,786,508.4,33.3,13.32,0.07,660.8,59.39,4.565301985,NA,NA,NA,NA,0.947387855216561,0.1765,NA,786,508.4,33.3,13.32,0.07,660.8,59.39,4.565301985,NA,NA,NA,NA,NA,NA,NA,NA,NA,NA,NA,NA,NA,NA,NA,NA,NA,NA,NA,NA,NA,NA,NA,NA,NA,NA,NA,NA,NA
"RP1029","RP1029",4567,2017,"RP1","PIPO",0,0.945976604351446,0.17,NA,786,508.4,33.3,13.32,0.07,660.8,59.39,5.596673363,NA,NA,NA,NA,NA,NA,NA,NA,NA,NA,NA,NA,NA,NA,NA,NA,NA,NA,NA,NA,NA,NA,NA,NA,NA,NA,NA,NA,0.945976604351446,0.17,NA,786,508.4,33.3,13.32,0.07,660.8,59.39,5.596673363,NA,NA,NA,NA,0.945976604351446,0.17,NA,786,508.4,33.3,13.32,0.07,660.8,59.39,5.596673363,NA,NA,NA,NA,NA,NA,NA,NA,NA,NA,NA,NA,NA,NA,NA,NA,NA,NA,NA,NA,NA,NA,NA,NA,NA,NA,NA,NA,NA
"RP1033","RP1033",4568,2017,"RP1","PIPO",0,0.985187683981029,0.288,NA,786,508.4,33.3,13.32,0.07,660.8,59.39,13.70034297,NA,NA,NA,NA,NA,NA,NA,NA,NA,NA,NA,NA,NA,NA,NA,NA,NA,NA,NA,NA,NA,NA,NA,NA,NA,NA,NA,NA,0.985187683981029,0.288,NA,786,508.4,33.3,13.32,0.07,660.8,59.39,13.70034297,NA,NA,NA,NA,0.985187683981029,0.288,NA,786,508.4,33.3,13.32,0.07,660.8,59.39,13.70034297,NA,NA,NA,NA,NA,NA,NA,NA,NA,NA,NA,NA,NA,NA,NA,NA,NA,NA,NA,NA,NA,NA,NA,NA,NA,NA,NA,NA,NA
"RP1045","RP1045",4569,2017,"RP1","PIPO",0,0.581071337438996,0.247,NA,786,508.4,33.3,13.32,0.07,660.8,59.39,NA,NA,NA,NA,NA,NA,NA,NA,NA,NA,NA,NA,NA,NA,NA,NA,NA,NA,NA,NA,NA,NA,NA,NA,NA,NA,NA,NA,NA,0.581071337438996,0.247,NA,786,508.4,33.3,13.32,0.07,660.8,59.39,NA,NA,NA,NA,NA,0.581071337438996,0.247,NA,786,508.4,33.3,13.32,0.07,660.8,59.39,NA,NA,NA,NA,NA,NA,NA,NA,NA,NA,NA,NA,NA,NA,NA,NA,NA,NA,NA,NA,NA,NA,NA,NA,NA,NA,NA,NA,NA,NA
"RP1136","RP1136",4570,2017,"RP1","PIPO",0,0.857529152983997,0.326,NA,786,508.4,33.3,13.32,0.07,660.8,59.39,17.06354139,NA,NA,NA,NA,NA,NA,NA,NA,NA,NA,NA,NA,NA,NA,NA,NA,NA,NA,NA,NA,NA,NA,NA,NA,NA,NA,NA,NA,0.857529152983997,0.326,NA,786,508.4,33.3,13.32,0.07,660.8,59.39,17.06354139,NA,NA,NA,NA,0.857529152983997,0.326,NA,786,508.4,33.3,13.32,0.07,660.8,59.39,17.06354139,NA,NA,NA,NA,NA,NA,NA,NA,NA,NA,NA,NA,NA,NA,NA,NA,NA,NA,NA,NA,NA,NA,NA,NA,NA,NA,NA,NA,NA
"RP1156","RP1156",4571,2017,"RP1","PIPO",0,0.342640718823881,0.313,NA,786,508.4,33.3,13.32,0.07,660.8,59.39,NA,NA,NA,NA,NA,NA,NA,NA,NA,NA,NA,NA,NA,NA,NA,NA,NA,NA,NA,NA,NA,NA,NA,NA,NA,NA,NA,NA,NA,0.342640718823881,0.313,NA,786,508.4,33.3,13.32,0.07,660.8,59.39,NA,NA,NA,NA,NA,0.342640718823881,0.313,NA,786,508.4,33.3,13.32,0.07,660.8,59.39,NA,NA,NA,NA,NA,NA,NA,NA,NA,NA,NA,NA,NA,NA,NA,NA,NA,NA,NA,NA,NA,NA,NA,NA,NA,NA,NA,NA,NA,NA
"RP1611","RP1611",4572,2017,"RP1","PIPO",0,0.544807565432167,0.368,NA,786,508.4,33.3,13.32,0.07,660.8,59.39,4.313549685,NA,NA,NA,NA,NA,NA,NA,NA,NA,NA,NA,NA,NA,NA,NA,NA,NA,NA,NA,NA,NA,NA,NA,NA,NA,NA,NA,NA,0.544807565432167,0.368,NA,786,508.4,33.3,13.32,0.07,660.8,59.39,4.313549685,NA,NA,NA,NA,0.544807565432167,0.368,NA,786,508.4,33.3,13.32,0.07,660.8,59.39,4.313549685,NA,NA,NA,NA,NA,NA,NA,NA,NA,NA,NA,NA,NA,NA,NA,NA,NA,NA,NA,NA,NA,NA,NA,NA,NA,NA,NA,NA,NA
"RP1632","RP1632",4573,2017,"RP1","PIPO",0,0.60965409149911,0.195,NA,786,508.4,33.3,13.32,0.07,660.8,59.39,6.150028649,NA,NA,NA,NA,NA,NA,NA,NA,NA,NA,NA,NA,NA,NA,NA,NA,NA,NA,NA,NA,NA,NA,NA,NA,NA,NA,NA,NA,0.60965409149911,0.195,NA,786,508.4,33.3,13.32,0.07,660.8,59.39,6.150028649,NA,NA,NA,NA,0.60965409149911,0.195,NA,786,508.4,33.3,13.32,0.07,660.8,59.39,6.150028649,NA,NA,NA,NA,NA,NA,NA,NA,NA,NA,NA,NA,NA,NA,NA,NA,NA,NA,NA,NA,NA,NA,NA,NA,NA,NA,NA,NA,NA
"RP1643","RP1643",4574,2017,"RP1","PIPO",0,1.00358647784232,0.158,NA,786,508.4,33.3,13.32,0.07,660.8,59.39,9.669306096,NA,NA,NA,NA,NA,NA,NA,NA,NA,NA,NA,NA,NA,NA,NA,NA,NA,NA,NA,NA,NA,NA,NA,NA,NA,NA,NA,NA,1.00358647784232,0.158,NA,786,508.4,33.3,13.32,0.07,660.8,59.39,9.669306096,NA,NA,NA,NA,1.00358647784232,0.158,NA,786,508.4,33.3,13.32,0.07,660.8,59.39,9.669306096,NA,NA,NA,NA,NA,NA,NA,NA,NA,NA,NA,NA,NA,NA,NA,NA,NA,NA,NA,NA,NA,NA,NA,NA,NA,NA,NA,NA,NA
"RP1DT1","RP1DT1",4575,2017,"RP1","PIPO",1,1.90803590071916,0.522,NA,786,508.4,33.3,13.32,0.07,660.8,59.39,2.414939319,NA,NA,NA,NA,NA,NA,NA,NA,NA,NA,NA,NA,NA,NA,NA,NA,NA,NA,NA,NA,NA,NA,NA,NA,NA,NA,NA,NA,1.90803590071916,0.522,NA,786,508.4,33.3,13.32,0.07,660.8,59.39,2.414939319,NA,NA,NA,NA,1.90803590071916,0.522,NA,786,508.4,33.3,13.32,0.07,660.8,59.39,2.414939319,NA,NA,NA,NA,NA,NA,NA,NA,NA,NA,NA,NA,NA,NA,NA,NA,NA,NA,NA,NA,NA,NA,NA,NA,NA,NA,NA,NA,NA
"RP1DT2","RP1DT2",4576,2017,"RP1","PIPO",1,1.21772416704486,0.247,NA,786,508.4,33.3,13.32,0.07,660.8,59.39,NA,NA,NA,NA,NA,NA,NA,NA,NA,NA,NA,NA,NA,NA,NA,NA,NA,NA,NA,NA,NA,NA,NA,NA,NA,NA,NA,NA,NA,1.21772416704486,0.247,NA,786,508.4,33.3,13.32,0.07,660.8,59.39,NA,NA,NA,NA,NA,1.21772416704486,0.247,NA,786,508.4,33.3,13.32,0.07,660.8,59.39,NA,NA,NA,NA,NA,NA,NA,NA,NA,NA,NA,NA,NA,NA,NA,NA,NA,NA,NA,NA,NA,NA,NA,NA,NA,NA,NA,NA,NA,0
"RP1DT3","RP1DT3",4577,2017,"RP1","PIPO",1,1.03332725165918,0.147,NA,786,508.4,33.3,13.32,0.07,660.8,59.39,NA,NA,NA,NA,NA,NA,NA,NA,NA,NA,NA,NA,NA,NA,NA,NA,NA,NA,NA,NA,NA,NA,NA,NA,NA,NA,NA,NA,NA,1.03332725165918,0.147,NA,786,508.4,33.3,13.32,0.07,660.8,59.39,NA,NA,NA,NA,NA,1.03332725165918,0.147,NA,786,508.4,33.3,13.32,0.07,660.8,59.39,NA,NA,NA,NA,NA,NA,NA,NA,NA,NA,NA,NA,NA,NA,NA,NA,NA,NA,NA,NA,NA,NA,NA,NA,NA,NA,NA,NA,NA,NA
"SJ1012","SJ1012",4578,2017,"SJ1","PILA",0,1.19800018752797,0.178,NA,518,437.5,25.79,7.94,0.2,468.1,34.51,31.88347122,NA,NA,NA,NA,NA,NA,NA,NA,NA,NA,NA,NA,NA,NA,NA,NA,NA,NA,NA,NA,NA,NA,NA,NA,NA,NA,NA,NA,1.19800018752797,0.178,NA,518,437.5,25.79,7.94,0.2,468.1,34.51,31.88347122,NA,NA,NA,NA,1.19800018752797,0.178,NA,518,437.5,25.79,7.94,0.2,468.1,34.51,31.88347122,NA,NA,NA,NA,NA,NA,NA,NA,NA,NA,NA,NA,NA,NA,NA,NA,NA,NA,NA,NA,NA,NA,NA,NA,NA,NA,NA,NA,NA
"SJ1039","SJ1039",4579,2017,"SJ1","ABMA",1,0.819073694522349,0.212,NA,518,437.5,25.79,7.94,0.2,468.1,34.51,25.02970475,NA,NA,NA,NA,NA,NA,NA,NA,NA,NA,NA,NA,NA,NA,NA,NA,NA,NA,NA,NA,NA,NA,NA,NA,NA,NA,NA,NA,0.819073694522349,0.212,NA,518,437.5,25.79,7.94,0.2,468.1,34.51,25.02970475,NA,NA,NA,NA,0.819073694522349,0.212,NA,518,437.5,25.79,7.94,0.2,468.1,34.51,25.02970475,NA,NA,NA,NA,NA,NA,NA,NA,NA,NA,NA,NA,NA,NA,NA,NA,NA,NA,NA,NA,NA,NA,NA,NA,NA,NA,NA,NA,NA
"SJ1040","SJ1040",4580,2017,"SJ1","ABCO",0,1.09476843075165,0.297,NA,518,437.5,25.79,7.94,0.2,468.1,34.51,31.67569697,NA,NA,NA,NA,NA,NA,NA,NA,NA,NA,NA,NA,NA,NA,NA,NA,NA,NA,NA,NA,NA,NA,NA,NA,NA,NA,NA,NA,1.09476843075165,0.297,NA,518,437.5,25.79,7.94,0.2,468.1,34.51,31.67569697,NA,NA,NA,NA,1.09476843075165,0.297,NA,518,437.5,25.79,7.94,0.2,468.1,34.51,31.67569697,NA,NA,NA,NA,NA,NA,NA,NA,NA,NA,NA,NA,NA,NA,NA,NA,NA,NA,NA,NA,NA,NA,NA,NA,NA,NA,NA,NA,NA
"SJ1041","SJ1041",4581,2017,"SJ1","ABMA",1,0.553770857342967,0.308,NA,518,437.5,25.79,7.94,0.2,468.1,34.51,27.73362526,NA,NA,NA,NA,NA,NA,NA,NA,NA,NA,NA,NA,NA,NA,NA,NA,NA,NA,NA,NA,NA,NA,NA,NA,NA,NA,NA,NA,0.553770857342967,0.308,NA,518,437.5,25.79,7.94,0.2,468.1,34.51,27.73362526,NA,NA,NA,NA,0.553770857342967,0.308,NA,518,437.5,25.79,7.94,0.2,468.1,34.51,27.73362526,NA,NA,NA,NA,NA,NA,NA,NA,NA,NA,NA,NA,NA,NA,NA,NA,NA,NA,NA,NA,NA,NA,NA,NA,NA,NA,NA,NA,NA
"SJ1055","SJ1055",4582,2017,"SJ1","ABMA",0,0.904022732955144,0.16,NA,518,437.5,25.79,7.94,0.2,468.1,34.51,9.181667269,NA,NA,NA,NA,NA,NA,NA,NA,NA,NA,NA,NA,NA,NA,NA,NA,NA,NA,NA,NA,NA,NA,NA,NA,NA,NA,NA,NA,0.904022732955144,0.16,NA,518,437.5,25.79,7.94,0.2,468.1,34.51,9.181667269,NA,NA,NA,NA,0.904022732955144,0.16,NA,518,437.5,25.79,7.94,0.2,468.1,34.51,9.181667269,NA,NA,NA,NA,NA,NA,NA,NA,NA,NA,NA,NA,NA,NA,NA,NA,NA,NA,NA,NA,NA,NA,NA,NA,NA,NA,NA,NA,NA
"SJ12AP","SJ12AP",4583,2017,"SJ1","PIJE",0,0.995958756617503,0.42,NA,518,437.5,25.79,7.94,0.2,468.1,34.51,NA,NA,NA,NA,NA,NA,NA,NA,NA,NA,NA,NA,NA,NA,NA,NA,NA,NA,NA,NA,NA,NA,NA,NA,NA,NA,NA,NA,NA,0.995958756617503,0.42,NA,518,437.5,25.79,7.94,0.2,468.1,34.51,NA,NA,NA,NA,NA,0.995958756617503,0.42,NA,518,437.5,25.79,7.94,0.2,468.1,34.51,NA,NA,NA,NA,NA,NA,NA,NA,NA,NA,NA,NA,NA,NA,NA,NA,NA,NA,NA,NA,NA,NA,NA,NA,NA,NA,NA,NA,NA,NA
"SJ1OP1","SJ1OP1",4584,2017,"SJ1","PIJE",0,1.0552549804838,0.353,NA,518,437.5,25.79,7.94,0.2,468.1,34.51,NA,NA,NA,NA,NA,NA,NA,NA,NA,NA,NA,NA,NA,NA,NA,NA,NA,NA,NA,NA,NA,NA,NA,NA,NA,NA,NA,NA,NA,1.0552549804838,0.353,NA,518,437.5,25.79,7.94,0.2,468.1,34.51,NA,NA,NA,NA,NA,1.0552549804838,0.353,NA,518,437.5,25.79,7.94,0.2,468.1,34.51,NA,NA,NA,NA,NA,NA,NA,NA,NA,NA,NA,NA,NA,NA,NA,NA,NA,NA,NA,NA,NA,NA,NA,NA,NA,NA,NA,NA,NA,NA
"SJ1OP2","SJ1OP2",4585,2017,"SJ1","PIJE",0,0.989742196432524,0.42,NA,518,437.5,25.79,7.94,0.2,468.1,34.51,NA,NA,NA,NA,NA,NA,NA,NA,NA,NA,NA,NA,NA,NA,NA,NA,NA,NA,NA,NA,NA,NA,NA,NA,NA,NA,NA,NA,NA,0.989742196432524,0.42,NA,518,437.5,25.79,7.94,0.2,468.1,34.51,NA,NA,NA,NA,NA,0.989742196432524,0.42,NA,518,437.5,25.79,7.94,0.2,468.1,34.51,NA,NA,NA,NA,NA,NA,NA,NA,NA,NA,NA,NA,NA,NA,NA,NA,NA,NA,NA,NA,NA,NA,NA,NA,NA,NA,NA,NA,NA,NA
"SJ1OPB","SJ1OPB",4586,2017,"SJ1","PIJE",0,0.863958530888484,0.351,NA,518,437.5,25.79,7.94,0.2,468.1,34.51,NA,NA,NA,NA,NA,NA,NA,NA,NA,NA,NA,NA,NA,NA,NA,NA,NA,NA,NA,NA,NA,NA,NA,NA,NA,NA,NA,NA,NA,0.863958530888484,0.351,NA,518,437.5,25.79,7.94,0.2,468.1,34.51,NA,NA,NA,NA,NA,0.863958530888484,0.351,NA,518,437.5,25.79,7.94,0.2,468.1,34.51,NA,NA,NA,NA,NA,NA,NA,NA,NA,NA,NA,NA,NA,NA,NA,NA,NA,NA,NA,NA,NA,NA,NA,NA,NA,NA,NA,NA,NA,NA
"SJ1OPN","SJ1OPN",4587,2017,"SJ1","PIJE",0,0.618097879087318,0.387,NA,518,437.5,25.79,7.94,0.2,468.1,34.51,NA,NA,NA,NA,NA,NA,NA,NA,NA,NA,NA,NA,NA,NA,NA,NA,NA,NA,NA,NA,NA,NA,NA,NA,NA,NA,NA,NA,NA,0.618097879087318,0.387,NA,518,437.5,25.79,7.94,0.2,468.1,34.51,NA,NA,NA,NA,NA,0.618097879087318,0.387,NA,518,437.5,25.79,7.94,0.2,468.1,34.51,NA,NA,NA,NA,NA,NA,NA,NA,NA,NA,NA,NA,NA,NA,NA,NA,NA,NA,NA,NA,NA,NA,NA,NA,NA,NA,NA,NA,NA,NA
"SJ1OPX","SJ1OPX",4588,2017,"SJ1","PIJE",0,1.0305202567713,0.393,NA,518,437.5,25.79,7.94,0.2,468.1,34.51,NA,NA,NA,NA,NA,NA,NA,NA,NA,NA,NA,NA,NA,NA,NA,NA,NA,NA,NA,NA,NA,NA,NA,NA,NA,NA,NA,NA,NA,1.0305202567713,0.393,NA,518,437.5,25.79,7.94,0.2,468.1,34.51,NA,NA,NA,NA,NA,1.0305202567713,0.393,NA,518,437.5,25.79,7.94,0.2,468.1,34.51,NA,NA,NA,NA,NA,NA,NA,NA,NA,NA,NA,NA,NA,NA,NA,NA,NA,NA,NA,NA,NA,NA,NA,NA,NA,NA,NA,NA,NA,NA
"SJ1OPY","SJ1OPY",4589,2017,"SJ1","PILA",0,0.873793004530494,0.24,NA,518,437.5,25.79,7.94,0.2,468.1,34.51,NA,NA,NA,NA,NA,NA,NA,NA,NA,NA,NA,NA,NA,NA,NA,NA,NA,NA,NA,NA,NA,NA,NA,NA,NA,NA,NA,NA,NA,0.873793004530494,0.24,NA,518,437.5,25.79,7.94,0.2,468.1,34.51,NA,NA,NA,NA,NA,0.873793004530494,0.24,NA,518,437.5,25.79,7.94,0.2,468.1,34.51,NA,NA,NA,NA,NA,NA,NA,NA,NA,NA,NA,NA,NA,NA,NA,NA,NA,NA,NA,NA,NA,NA,NA,NA,NA,NA,NA,NA,NA,NA
"SJ1OPZ","SJ1OPZ",4590,2017,"SJ1","PIJE",0,0.776254452524297,0.241,NA,518,437.5,25.79,7.94,0.2,468.1,34.51,NA,NA,NA,NA,NA,NA,NA,NA,NA,NA,NA,NA,NA,NA,NA,NA,NA,NA,NA,NA,NA,NA,NA,NA,NA,NA,NA,NA,NA,0.776254452524297,0.241,NA,518,437.5,25.79,7.94,0.2,468.1,34.51,NA,NA,NA,NA,NA,0.776254452524297,0.241,NA,518,437.5,25.79,7.94,0.2,468.1,34.51,NA,NA,NA,NA,NA,NA,NA,NA,NA,NA,NA,NA,NA,NA,NA,NA,NA,NA,NA,NA,NA,NA,NA,NA,NA,NA,NA,NA,NA,NA
"SJP002","SJP002",4591,2017,"SJP","CADE",0,0.434390046018333,0.365,NA,536,441.9,26.04,8.17,0.18,500.5,36.82,3.373447368,NA,NA,NA,NA,NA,NA,NA,NA,NA,NA,NA,NA,NA,NA,NA,NA,NA,NA,NA,NA,NA,NA,NA,NA,NA,NA,NA,NA,0.434390046018333,0.365,NA,536,441.9,26.04,8.17,0.18,500.5,36.82,3.373447368,NA,NA,NA,NA,0.434390046018333,0.365,NA,536,441.9,26.04,8.17,0.18,500.5,36.82,3.373447368,NA,NA,NA,NA,NA,NA,NA,NA,NA,NA,NA,NA,NA,NA,NA,NA,NA,NA,NA,NA,NA,NA,NA,NA,NA,NA,NA,NA,NA
"SJP004","SJP004",4592,2017,"SJP","PIPO",0,0.939055638140388,0.554,NA,536,441.9,26.04,8.17,0.18,500.5,36.82,2.748675178,NA,NA,NA,NA,NA,NA,NA,NA,NA,NA,NA,NA,NA,NA,NA,NA,NA,NA,NA,NA,NA,NA,NA,NA,NA,NA,NA,NA,0.939055638140388,0.554,NA,536,441.9,26.04,8.17,0.18,500.5,36.82,2.748675178,NA,NA,NA,NA,0.939055638140388,0.554,NA,536,441.9,26.04,8.17,0.18,500.5,36.82,2.748675178,NA,NA,NA,NA,NA,NA,NA,NA,NA,NA,NA,NA,NA,NA,NA,NA,NA,NA,NA,NA,NA,NA,NA,NA,NA,NA,NA,NA,0
"SJP010","SJP010",4593,2017,"SJP","PIPO",0,1.34910317610389,0.212,NA,536,441.9,26.04,8.17,0.18,500.5,36.82,3.585049289,NA,NA,NA,NA,NA,NA,NA,NA,NA,NA,NA,NA,NA,NA,NA,NA,NA,NA,NA,NA,NA,NA,NA,NA,NA,NA,NA,NA,1.34910317610389,0.212,NA,536,441.9,26.04,8.17,0.18,500.5,36.82,3.585049289,NA,NA,NA,NA,1.34910317610389,0.212,NA,536,441.9,26.04,8.17,0.18,500.5,36.82,3.585049289,NA,NA,NA,NA,NA,NA,NA,NA,NA,NA,NA,NA,NA,NA,NA,NA,NA,NA,NA,NA,NA,NA,NA,NA,NA,NA,NA,NA,0.27
"SJP045","SJP045",4594,2017,"SJP","PIJE",0,0.859591044239259,0.347,NA,536,441.9,26.04,8.17,0.18,500.5,36.82,8.192249281,NA,NA,NA,NA,NA,NA,NA,NA,NA,NA,NA,NA,NA,NA,NA,NA,NA,NA,NA,NA,NA,NA,NA,NA,NA,NA,NA,NA,0.859591044239259,0.347,NA,536,441.9,26.04,8.17,0.18,500.5,36.82,8.192249281,NA,NA,NA,NA,0.859591044239259,0.347,NA,536,441.9,26.04,8.17,0.18,500.5,36.82,8.192249281,NA,NA,NA,NA,NA,NA,NA,NA,NA,NA,NA,NA,NA,NA,NA,NA,NA,NA,NA,NA,NA,NA,NA,NA,NA,NA,NA,NA,0
"SJP047","SJP047",4595,2017,"SJP","PIJE",0,0.799754697429626,0.26,NA,536,441.9,26.04,8.17,0.18,500.5,36.82,9.25620443,0.705996987566821,1.43671328560925,7.00140293398533,3.14585530559908,5.15063667481663,4.1516313201152,952.30538132018,517.018319776609,NA,NA,NA,NA,NA,NA,NA,NA,NA,NA,NA,NA,NA,NA,NA,NA,NA,NA,NA,NA,0.799754697429626,0.26,NA,536,441.9,26.04,8.17,0.18,500.5,36.82,9.25620443,0.705996987566821,1.43671328560925,7.00140293398533,3.14585530559908,0.799754697429626,0.26,NA,536,441.9,26.04,8.17,0.18,500.5,36.82,9.25620443,0.705996987566821,1.43671328560925,7.00140293398533,3.14585530559908,NA,NA,NA,NA,NA,NA,NA,NA,NA,NA,NA,NA,NA,NA,NA,NA,NA,NA,NA,NA,NA,NA,NA,NA,0.147
"SJP051","SJP051",4596,2017,"SJP","PIJE",0,0.696550755326431,0.246,NA,536,441.9,26.04,8.17,0.18,500.5,36.82,9.009604212,NA,NA,NA,NA,NA,NA,NA,NA,NA,NA,NA,NA,NA,NA,NA,NA,NA,NA,NA,NA,NA,NA,NA,NA,NA,NA,NA,NA,0.696550755326431,0.246,NA,536,441.9,26.04,8.17,0.18,500.5,36.82,9.009604212,NA,NA,NA,NA,0.696550755326431,0.246,NA,536,441.9,26.04,8.17,0.18,500.5,36.82,9.009604212,NA,NA,NA,NA,NA,NA,NA,NA,NA,NA,NA,NA,NA,NA,NA,NA,NA,NA,NA,NA,NA,NA,NA,NA,NA,NA,NA,NA,0
"SJP058","SJP058",4597,2017,"SJP","PIJE",0,NA,0.132,NA,536,441.9,26.04,8.17,0.18,500.5,36.82,7.132021124,NA,NA,NA,NA,NA,NA,NA,NA,NA,NA,NA,NA,NA,NA,NA,NA,NA,NA,NA,NA,NA,NA,NA,NA,NA,NA,NA,NA,NA,0.132,NA,536,441.9,26.04,8.17,0.18,500.5,36.82,7.132021124,NA,NA,NA,NA,NA,0.132,NA,536,441.9,26.04,8.17,0.18,500.5,36.82,7.132021124,NA,NA,NA,NA,NA,NA,NA,NA,NA,NA,NA,NA,NA,NA,NA,NA,NA,NA,NA,NA,NA,NA,NA,NA,NA,NA,NA,NA,0.112
"SJP067","SJP067",4598,2017,"SJP","PIJE",0,NA,0.283,NA,536,441.9,26.04,8.17,0.18,500.5,36.82,9.11304461,NA,NA,NA,NA,NA,NA,NA,NA,NA,NA,NA,NA,NA,NA,NA,NA,NA,NA,NA,NA,NA,NA,NA,NA,NA,NA,NA,NA,NA,0.283,NA,536,441.9,26.04,8.17,0.18,500.5,36.82,9.11304461,NA,NA,NA,NA,NA,0.283,NA,536,441.9,26.04,8.17,0.18,500.5,36.82,9.11304461,NA,NA,NA,NA,NA,NA,NA,NA,NA,NA,NA,NA,NA,NA,NA,NA,NA,NA,NA,NA,NA,NA,NA,NA,NA,NA,NA,NA,NA
"SJP069","SJP069",4599,2017,"SJP","PIPO",0,NA,0.39,NA,536,441.9,26.04,8.17,0.18,500.5,36.82,14.44868885,NA,NA,NA,NA,NA,NA,NA,NA,NA,NA,NA,NA,NA,NA,NA,NA,NA,NA,NA,NA,NA,NA,NA,NA,NA,NA,NA,NA,NA,0.39,NA,536,441.9,26.04,8.17,0.18,500.5,36.82,14.44868885,NA,NA,NA,NA,NA,0.39,NA,536,441.9,26.04,8.17,0.18,500.5,36.82,14.44868885,NA,NA,NA,NA,NA,NA,NA,NA,NA,NA,NA,NA,NA,NA,NA,NA,NA,NA,NA,NA,NA,NA,NA,NA,NA,NA,NA,NA,0
"SJP081","SJP081",4600,2017,"SJP","PIJE",1,0.738303031226801,0.378,NA,536,441.9,26.04,8.17,0.18,500.5,36.82,18.81414364,NA,NA,NA,NA,NA,NA,NA,NA,NA,NA,NA,NA,NA,NA,NA,NA,NA,NA,NA,NA,NA,NA,NA,NA,NA,NA,NA,NA,0.738303031226801,0.378,NA,536,441.9,26.04,8.17,0.18,500.5,36.82,18.81414364,NA,NA,NA,NA,0.738303031226801,0.378,NA,536,441.9,26.04,8.17,0.18,500.5,36.82,18.81414364,NA,NA,NA,NA,NA,NA,NA,NA,NA,NA,NA,NA,NA,NA,NA,NA,NA,NA,NA,NA,NA,NA,NA,NA,NA,NA,NA,NA,0.203
"SJP086","SJP086",4601,2017,"SJP","PIPO",0,NA,0.141,NA,536,441.9,26.04,8.17,0.18,500.5,36.82,2.707975367,NA,NA,NA,NA,NA,NA,NA,NA,NA,NA,NA,NA,NA,NA,NA,NA,NA,NA,NA,NA,NA,NA,NA,NA,NA,NA,NA,NA,NA,0.141,NA,536,441.9,26.04,8.17,0.18,500.5,36.82,2.707975367,NA,NA,NA,NA,NA,0.141,NA,536,441.9,26.04,8.17,0.18,500.5,36.82,2.707975367,NA,NA,NA,NA,NA,NA,NA,NA,NA,NA,NA,NA,NA,NA,NA,NA,NA,NA,NA,NA,NA,NA,NA,NA,NA,NA,NA,NA,NA
"SJP087","SJP087",4602,2017,"SJP","CADE",0,NA,0.166,NA,536,441.9,26.04,8.17,0.18,500.5,36.82,3.212715764,NA,NA,NA,NA,NA,NA,NA,NA,NA,NA,NA,NA,NA,NA,NA,NA,NA,NA,NA,NA,NA,NA,NA,NA,NA,NA,NA,NA,NA,0.166,NA,536,441.9,26.04,8.17,0.18,500.5,36.82,3.212715764,NA,NA,NA,NA,NA,0.166,NA,536,441.9,26.04,8.17,0.18,500.5,36.82,3.212715764,NA,NA,NA,NA,NA,NA,NA,NA,NA,NA,NA,NA,NA,NA,NA,NA,NA,NA,NA,NA,NA,NA,NA,NA,NA,NA,NA,NA,NA
"SJP090","SJP090",4603,2017,"SJP","PIPO",0,NA,0.186,NA,536,441.9,26.04,8.17,0.18,500.5,36.82,1.245304649,NA,NA,NA,NA,NA,NA,NA,NA,NA,NA,NA,NA,NA,NA,NA,NA,NA,NA,NA,NA,NA,NA,NA,NA,NA,NA,NA,NA,NA,0.186,NA,536,441.9,26.04,8.17,0.18,500.5,36.82,1.245304649,NA,NA,NA,NA,NA,0.186,NA,536,441.9,26.04,8.17,0.18,500.5,36.82,1.245304649,NA,NA,NA,NA,NA,NA,NA,NA,NA,NA,NA,NA,NA,NA,NA,NA,NA,NA,NA,NA,NA,NA,NA,NA,NA,NA,NA,NA,0.097
"SJP091","SJP091",4604,2017,"SJP","PIPO",1,NA,0.242,NA,536,441.9,26.04,8.17,0.18,500.5,36.82,4.074107642,NA,NA,NA,NA,NA,NA,NA,NA,NA,NA,NA,NA,NA,NA,NA,NA,NA,NA,NA,NA,NA,NA,NA,NA,NA,NA,NA,NA,NA,0.242,NA,536,441.9,26.04,8.17,0.18,500.5,36.82,4.074107642,NA,NA,NA,NA,NA,0.242,NA,536,441.9,26.04,8.17,0.18,500.5,36.82,4.074107642,NA,NA,NA,NA,NA,NA,NA,NA,NA,NA,NA,NA,NA,NA,NA,NA,NA,NA,NA,NA,NA,NA,NA,NA,NA,NA,NA,NA,0.216
"SJP118","SJP118",4605,2017,"SJP","PIPO",0,NA,0.37,NA,536,441.9,26.04,8.17,0.18,500.5,36.82,5.171519653,NA,NA,NA,NA,NA,NA,NA,NA,NA,NA,NA,NA,NA,NA,NA,NA,NA,NA,NA,NA,NA,NA,NA,NA,NA,NA,NA,NA,NA,0.37,NA,536,441.9,26.04,8.17,0.18,500.5,36.82,5.171519653,NA,NA,NA,NA,NA,0.37,NA,536,441.9,26.04,8.17,0.18,500.5,36.82,5.171519653,NA,NA,NA,NA,NA,NA,NA,NA,NA,NA,NA,NA,NA,NA,NA,NA,NA,NA,NA,NA,NA,NA,NA,NA,NA,NA,NA,NA,0.11
"SJP201","SJP201",4606,2017,"SJP","PIJE",1,1.26691076709961,0.198,NA,536,441.9,26.04,8.17,0.18,500.5,36.82,2.051268019,NA,NA,NA,NA,NA,NA,NA,NA,NA,NA,NA,NA,NA,NA,NA,NA,NA,NA,NA,NA,NA,NA,NA,NA,NA,NA,NA,NA,1.26691076709961,0.198,NA,536,441.9,26.04,8.17,0.18,500.5,36.82,2.051268019,NA,NA,NA,NA,1.26691076709961,0.198,NA,536,441.9,26.04,8.17,0.18,500.5,36.82,2.051268019,NA,NA,NA,NA,NA,NA,NA,NA,NA,NA,NA,NA,NA,NA,NA,NA,NA,NA,NA,NA,NA,NA,NA,NA,NA,NA,NA,NA,0.091
"SJP2AP","SJP2AP",4607,2017,"SJP","PIJE",0,1.00534866284911,0.28,NA,536,441.9,26.04,8.17,0.18,500.5,36.82,NA,NA,NA,NA,NA,NA,NA,NA,NA,NA,NA,NA,NA,NA,NA,NA,NA,NA,NA,NA,NA,NA,NA,NA,NA,NA,NA,NA,NA,1.00534866284911,0.28,NA,536,441.9,26.04,8.17,0.18,500.5,36.82,NA,NA,NA,NA,NA,1.00534866284911,0.28,NA,536,441.9,26.04,8.17,0.18,500.5,36.82,NA,NA,NA,NA,NA,NA,NA,NA,NA,NA,NA,NA,NA,NA,NA,NA,NA,NA,NA,NA,NA,NA,NA,NA,NA,NA,NA,NA,NA,NA
"SP1005","SP1005",4608,2017,"SP1","PIPO",1,0.717372308492073,0.473,NA,692,469.5,28.39,10.23,0.11,598,40.03,2.231605703,NA,NA,NA,NA,NA,NA,NA,NA,NA,NA,NA,NA,NA,NA,NA,NA,NA,NA,NA,NA,NA,NA,NA,NA,NA,NA,NA,NA,0.717372308492073,0.473,NA,692,469.5,28.39,10.23,0.11,598,40.03,2.231605703,NA,NA,NA,NA,0.717372308492073,0.473,NA,692,469.5,28.39,10.23,0.11,598,40.03,2.231605703,NA,NA,NA,NA,NA,NA,NA,NA,NA,NA,NA,NA,NA,NA,NA,NA,NA,NA,NA,NA,NA,NA,NA,NA,NA,NA,NA,NA,NA
"SP1017","SP1017",4609,2017,"SP1","PIPO",0,1.08601389720766,0.195,NA,692,469.5,28.39,10.23,0.11,598,40.03,13.14869819,NA,NA,NA,NA,NA,NA,NA,NA,NA,NA,NA,NA,NA,NA,NA,NA,NA,NA,NA,NA,NA,NA,NA,NA,NA,NA,NA,NA,1.08601389720766,0.195,NA,692,469.5,28.39,10.23,0.11,598,40.03,13.14869819,NA,NA,NA,NA,1.08601389720766,0.195,NA,692,469.5,28.39,10.23,0.11,598,40.03,13.14869819,NA,NA,NA,NA,NA,NA,NA,NA,NA,NA,NA,NA,NA,NA,NA,NA,NA,NA,NA,NA,NA,NA,NA,NA,NA,NA,NA,NA,NA
"SP1028","SP1028",4610,2017,"SP1","PIPO",0,1.44798101821444,0.304,NA,692,469.5,28.39,10.23,0.11,598,40.03,14.92870256,NA,NA,NA,NA,NA,NA,NA,NA,NA,NA,NA,NA,NA,NA,NA,NA,NA,NA,NA,NA,NA,NA,NA,NA,NA,NA,NA,NA,1.44798101821444,0.304,NA,692,469.5,28.39,10.23,0.11,598,40.03,14.92870256,NA,NA,NA,NA,1.44798101821444,0.304,NA,692,469.5,28.39,10.23,0.11,598,40.03,14.92870256,NA,NA,NA,NA,NA,NA,NA,NA,NA,NA,NA,NA,NA,NA,NA,NA,NA,NA,NA,NA,NA,NA,NA,NA,NA,NA,NA,NA,NA
"SP1035","SP1035",4611,2017,"SP1","PIPO",1,1.79636046595425,0.309,NA,692,469.5,28.39,10.23,0.11,598,40.03,2.674302458,NA,NA,NA,NA,NA,NA,NA,NA,NA,NA,NA,NA,NA,NA,NA,NA,NA,NA,NA,NA,NA,NA,NA,NA,NA,NA,NA,NA,1.79636046595425,0.309,NA,692,469.5,28.39,10.23,0.11,598,40.03,2.674302458,NA,NA,NA,NA,1.79636046595425,0.309,NA,692,469.5,28.39,10.23,0.11,598,40.03,2.674302458,NA,NA,NA,NA,NA,NA,NA,NA,NA,NA,NA,NA,NA,NA,NA,NA,NA,NA,NA,NA,NA,NA,NA,NA,NA,NA,NA,NA,NA
"SP1088","SP1088",4612,2017,"SP1","PIPO",1,0.135920076423795,0.583,NA,692,469.5,28.39,10.23,0.11,598,40.03,11.94916859,NA,NA,NA,NA,NA,NA,NA,NA,NA,NA,NA,NA,NA,NA,NA,NA,NA,NA,NA,NA,NA,NA,NA,NA,NA,NA,NA,NA,0.135920076423795,0.583,NA,692,469.5,28.39,10.23,0.11,598,40.03,11.94916859,NA,NA,NA,NA,0.135920076423795,0.583,NA,692,469.5,28.39,10.23,0.11,598,40.03,11.94916859,NA,NA,NA,NA,NA,NA,NA,NA,NA,NA,NA,NA,NA,NA,NA,NA,NA,NA,NA,NA,NA,NA,NA,NA,NA,NA,NA,NA,0
"SP1089","SP1089",4613,2017,"SP1","PIPO",1,0.492148868688121,0.274,NA,692,469.5,28.39,10.23,0.11,598,40.03,12.450075189,NA,NA,NA,NA,NA,NA,NA,NA,NA,NA,NA,NA,NA,NA,NA,NA,NA,NA,NA,NA,NA,NA,NA,NA,NA,NA,NA,NA,0.492148868688121,0.274,NA,692,469.5,28.39,10.23,0.11,598,40.03,12.450075189,NA,NA,NA,NA,0.492148868688121,0.274,NA,692,469.5,28.39,10.23,0.11,598,40.03,12.450075189,NA,NA,NA,NA,NA,NA,NA,NA,NA,NA,NA,NA,NA,NA,NA,NA,NA,NA,NA,NA,NA,NA,NA,NA,NA,NA,NA,NA,NA
"SP1155","SP1155",4614,2017,"SP1","PIPO",1,1.4427354496048,0.415,NA,692,469.5,28.39,10.23,0.11,598,40.03,17.14663223,NA,NA,NA,NA,NA,NA,NA,NA,NA,NA,NA,NA,NA,NA,NA,NA,NA,NA,NA,NA,NA,NA,NA,NA,NA,NA,NA,NA,1.4427354496048,0.415,NA,692,469.5,28.39,10.23,0.11,598,40.03,17.14663223,NA,NA,NA,NA,1.4427354496048,0.415,NA,692,469.5,28.39,10.23,0.11,598,40.03,17.14663223,NA,NA,NA,NA,NA,NA,NA,NA,NA,NA,NA,NA,NA,NA,NA,NA,NA,NA,NA,NA,NA,NA,NA,NA,NA,NA,NA,NA,0
"SP1159","SP1159",4615,2017,"SP1","PIPO",0,0.580076609016231,0.46,NA,692,469.5,28.39,10.23,0.11,598,40.03,16.48771249,NA,NA,NA,NA,NA,NA,NA,NA,NA,NA,NA,NA,NA,NA,NA,NA,NA,NA,NA,NA,NA,NA,NA,NA,NA,NA,NA,NA,0.580076609016231,0.46,NA,692,469.5,28.39,10.23,0.11,598,40.03,16.48771249,NA,NA,NA,NA,0.580076609016231,0.46,NA,692,469.5,28.39,10.23,0.11,598,40.03,16.48771249,NA,NA,NA,NA,NA,NA,NA,NA,NA,NA,NA,NA,NA,NA,NA,NA,NA,NA,NA,NA,NA,NA,NA,NA,NA,NA,NA,NA,NA
"SP1215","SP1215",4616,2017,"SP1","PIPO",0,0.884879645937574,0.18,NA,692,469.5,28.39,10.23,0.11,598,40.03,11.65550175,NA,NA,NA,NA,NA,NA,NA,NA,NA,NA,NA,NA,NA,NA,NA,NA,NA,NA,NA,NA,NA,NA,NA,NA,NA,NA,NA,NA,0.884879645937574,0.18,NA,692,469.5,28.39,10.23,0.11,598,40.03,11.65550175,NA,NA,NA,NA,0.884879645937574,0.18,NA,692,469.5,28.39,10.23,0.11,598,40.03,11.65550175,NA,NA,NA,NA,NA,NA,NA,NA,NA,NA,NA,NA,NA,NA,NA,NA,NA,NA,NA,NA,NA,NA,NA,NA,NA,NA,NA,NA,NA
"SP1236","SP1236",4617,2017,"SP1","PIPO",1,NA,0.258,NA,692,469.5,28.39,10.23,0.11,598,40.03,11.94149032,NA,NA,NA,NA,NA,NA,NA,NA,NA,NA,NA,NA,NA,NA,NA,NA,NA,NA,NA,NA,NA,NA,NA,NA,NA,NA,NA,NA,NA,0.258,NA,692,469.5,28.39,10.23,0.11,598,40.03,11.94149032,NA,NA,NA,NA,NA,0.258,NA,692,469.5,28.39,10.23,0.11,598,40.03,11.94149032,NA,NA,NA,NA,NA,NA,NA,NA,NA,NA,NA,NA,NA,NA,NA,NA,NA,NA,NA,NA,NA,NA,NA,NA,NA,NA,NA,NA,0
"SP1237","SP1237",4618,2017,"SP1","PIPO",1,NA,0.315,NA,692,469.5,28.39,10.23,0.11,598,40.03,12.8231862,0.48211551946846,0.973430146363525,6.49725335429769,2.96714981816485,3.34249884696017,3.50418215743646,991.381571923821,953.445665515824,NA,NA,NA,NA,NA,NA,NA,NA,NA,NA,NA,NA,NA,NA,NA,NA,NA,NA,NA,NA,NA,0.315,NA,692,469.5,28.39,10.23,0.11,598,40.03,12.8231862,0.48211551946846,0.973430146363525,6.49725335429769,2.96714981816485,NA,0.315,NA,692,469.5,28.39,10.23,0.11,598,40.03,12.8231862,0.48211551946846,0.973430146363525,6.49725335429769,2.96714981816485,NA,NA,NA,NA,NA,NA,NA,NA,NA,NA,NA,NA,NA,NA,NA,NA,NA,NA,NA,NA,NA,NA,NA,NA,0.189
"SP1238","SP1238",4619,2017,"SP1","PIPO",1,NA,0.35,NA,692,469.5,28.39,10.23,0.11,598,40.03,NA,NA,NA,NA,NA,NA,NA,NA,NA,NA,NA,NA,NA,NA,NA,NA,NA,NA,NA,NA,NA,NA,NA,NA,NA,NA,NA,NA,NA,NA,0.35,NA,692,469.5,28.39,10.23,0.11,598,40.03,NA,NA,NA,NA,NA,NA,0.35,NA,692,469.5,28.39,10.23,0.11,598,40.03,NA,NA,NA,NA,NA,NA,NA,NA,NA,NA,NA,NA,NA,NA,NA,NA,NA,NA,NA,NA,NA,NA,NA,NA,NA,NA,NA,NA,NA,NA
"SP1252","SP1252",4620,2017,"SP1","PIPO",1,NA,0.27,NA,692,469.5,28.39,10.23,0.11,598,40.03,14.18832794,NA,NA,NA,NA,NA,NA,NA,NA,NA,NA,NA,NA,NA,NA,NA,NA,NA,NA,NA,NA,NA,NA,NA,NA,NA,NA,NA,NA,NA,0.27,NA,692,469.5,28.39,10.23,0.11,598,40.03,14.18832794,NA,NA,NA,NA,NA,0.27,NA,692,469.5,28.39,10.23,0.11,598,40.03,14.18832794,NA,NA,NA,NA,NA,NA,NA,NA,NA,NA,NA,NA,NA,NA,NA,NA,NA,NA,NA,NA,NA,NA,NA,NA,NA,NA,NA,NA,0.424
"SP1334","SP1334",4621,2017,"SP1","PIPO",0,0.726461664299763,0.343,NA,692,469.5,28.39,10.23,0.11,598,40.03,22.44851974,NA,NA,NA,NA,NA,NA,NA,NA,NA,NA,NA,NA,NA,NA,NA,NA,NA,NA,NA,NA,NA,NA,NA,NA,NA,NA,NA,NA,0.726461664299763,0.343,NA,692,469.5,28.39,10.23,0.11,598,40.03,22.44851974,NA,NA,NA,NA,0.726461664299763,0.343,NA,692,469.5,28.39,10.23,0.11,598,40.03,22.44851974,NA,NA,NA,NA,NA,NA,NA,NA,NA,NA,NA,NA,NA,NA,NA,NA,NA,NA,NA,NA,NA,NA,NA,NA,NA,NA,NA,NA,NA
"SP1D20","SP1D20",4622,2017,"SP1","PIPO",1,NA,0.394,NA,692,469.5,28.39,10.23,0.11,598,40.03,NA,NA,NA,NA,NA,NA,NA,NA,NA,NA,NA,NA,NA,NA,NA,NA,NA,NA,NA,NA,NA,NA,NA,NA,NA,NA,NA,NA,NA,NA,0.394,NA,692,469.5,28.39,10.23,0.11,598,40.03,NA,NA,NA,NA,NA,NA,0.394,NA,692,469.5,28.39,10.23,0.11,598,40.03,NA,NA,NA,NA,NA,NA,NA,NA,NA,NA,NA,NA,NA,NA,NA,NA,NA,NA,NA,NA,NA,NA,NA,NA,NA,NA,NA,NA,NA,NA
"SP1DT0","SP1DT0",4623,2017,"SP1","PIPO",1,0.728700127604653,0.263,NA,692,469.5,28.39,10.23,0.11,598,40.03,NA,NA,NA,NA,NA,NA,NA,NA,NA,NA,NA,NA,NA,NA,NA,NA,NA,NA,NA,NA,NA,NA,NA,NA,NA,NA,NA,NA,NA,0.728700127604653,0.263,NA,692,469.5,28.39,10.23,0.11,598,40.03,NA,NA,NA,NA,NA,0.728700127604653,0.263,NA,692,469.5,28.39,10.23,0.11,598,40.03,NA,NA,NA,NA,NA,NA,NA,NA,NA,NA,NA,NA,NA,NA,NA,NA,NA,NA,NA,NA,NA,NA,NA,NA,NA,NA,NA,NA,NA,NA
"SP1DT1","SP1DT1",4624,2017,"SP1","PIPO",1,0.330420147988335,0.347,NA,692,469.5,28.39,10.23,0.11,598,40.03,4.166987888,NA,NA,NA,NA,NA,NA,NA,NA,NA,NA,NA,NA,NA,NA,NA,NA,NA,NA,NA,NA,NA,NA,NA,NA,NA,NA,NA,NA,0.330420147988335,0.347,NA,692,469.5,28.39,10.23,0.11,598,40.03,4.166987888,NA,NA,NA,NA,0.330420147988335,0.347,NA,692,469.5,28.39,10.23,0.11,598,40.03,4.166987888,NA,NA,NA,NA,NA,NA,NA,NA,NA,NA,NA,NA,NA,NA,NA,NA,NA,NA,NA,NA,NA,NA,NA,NA,NA,NA,NA,NA,NA
"SP1DT2","SP1DT2",4625,2017,"SP1","PIPO",1,NA,0.361,NA,692,469.5,28.39,10.23,0.11,598,40.03,20.56519283,NA,NA,NA,NA,NA,NA,NA,NA,NA,NA,NA,NA,NA,NA,NA,NA,NA,NA,NA,NA,NA,NA,NA,NA,NA,NA,NA,NA,NA,0.361,NA,692,469.5,28.39,10.23,0.11,598,40.03,20.56519283,NA,NA,NA,NA,NA,0.361,NA,692,469.5,28.39,10.23,0.11,598,40.03,20.56519283,NA,NA,NA,NA,NA,NA,NA,NA,NA,NA,NA,NA,NA,NA,NA,NA,NA,NA,NA,NA,NA,NA,NA,NA,NA,NA,NA,NA,NA
"SP1DT3","SP1DT3",4626,2017,"SP1","PIPO",1,1.10027399032532,0.388,NA,692,469.5,28.39,10.23,0.11,598,40.03,NA,NA,NA,NA,NA,NA,NA,NA,NA,NA,NA,NA,NA,NA,NA,NA,NA,NA,NA,NA,NA,NA,NA,NA,NA,NA,NA,NA,NA,1.10027399032532,0.388,NA,692,469.5,28.39,10.23,0.11,598,40.03,NA,NA,NA,NA,NA,1.10027399032532,0.388,NA,692,469.5,28.39,10.23,0.11,598,40.03,NA,NA,NA,NA,NA,NA,NA,NA,NA,NA,NA,NA,NA,NA,NA,NA,NA,NA,NA,NA,NA,NA,NA,NA,NA,NA,NA,NA,NA,NA
"SP1DT4","SP1DT4",4627,2017,"SP1","PIPO",1,0.00788252855686888,0.321,NA,692,469.5,28.39,10.23,0.11,598,40.03,NA,NA,NA,NA,NA,NA,NA,NA,NA,NA,NA,NA,NA,NA,NA,NA,NA,NA,NA,NA,NA,NA,NA,NA,NA,NA,NA,NA,NA,0.00788252855686888,0.321,NA,692,469.5,28.39,10.23,0.11,598,40.03,NA,NA,NA,NA,NA,0.00788252855686888,0.321,NA,692,469.5,28.39,10.23,0.11,598,40.03,NA,NA,NA,NA,NA,NA,NA,NA,NA,NA,NA,NA,NA,NA,NA,NA,NA,NA,NA,NA,NA,NA,NA,NA,NA,NA,NA,NA,NA,0.077
"SP1DT5","SP1DT5",4628,2017,"SP1","PIPO",1,NA,0.343,NA,692,469.5,28.39,10.23,0.11,598,40.03,NA,0.870164664246628,1.23570921395248,6.68094743589744,4.15558284119788,7.99868717948718,12.1463490331095,2491.17383738227,3366.36295309934,NA,NA,NA,NA,NA,NA,NA,NA,NA,NA,NA,NA,NA,NA,NA,NA,NA,NA,NA,NA,NA,0.343,NA,692,469.5,28.39,10.23,0.11,598,40.03,NA,0.870164664246628,1.23570921395248,6.68094743589744,4.15558284119788,NA,0.343,NA,692,469.5,28.39,10.23,0.11,598,40.03,NA,0.870164664246628,1.23570921395248,6.68094743589744,4.15558284119788,NA,NA,NA,NA,NA,NA,NA,NA,NA,NA,NA,NA,NA,NA,NA,NA,NA,NA,NA,NA,NA,NA,NA,NA,0.226
"SP1DT6","SP1DT6",4629,2017,"SP1","PIPO",1,NA,0.249,NA,692,469.5,28.39,10.23,0.11,598,40.03,3.135627546,NA,NA,NA,NA,NA,NA,NA,NA,NA,NA,NA,NA,NA,NA,NA,NA,NA,NA,NA,NA,NA,NA,NA,NA,NA,NA,NA,NA,NA,0.249,NA,692,469.5,28.39,10.23,0.11,598,40.03,3.135627546,NA,NA,NA,NA,NA,0.249,NA,692,469.5,28.39,10.23,0.11,598,40.03,3.135627546,NA,NA,NA,NA,NA,NA,NA,NA,NA,NA,NA,NA,NA,NA,NA,NA,NA,NA,NA,NA,NA,NA,NA,NA,NA,NA,NA,NA,NA
"SR1002","SR1002",4630,2017,"SR1","CADE",1,0.349267930880019,0.395,NA,767,502,32.66,12.91,0.08,660.8,59.39,NA,NA,NA,NA,NA,NA,NA,NA,NA,NA,NA,NA,NA,NA,NA,NA,NA,NA,NA,NA,NA,NA,NA,NA,NA,NA,NA,NA,NA,0.349267930880019,0.395,NA,767,502,32.66,12.91,0.08,660.8,59.39,NA,NA,NA,NA,NA,0.349267930880019,0.395,NA,767,502,32.66,12.91,0.08,660.8,59.39,NA,NA,NA,NA,NA,NA,NA,NA,NA,NA,NA,NA,NA,NA,NA,NA,NA,NA,NA,NA,NA,NA,NA,NA,NA,NA,NA,NA,NA,NA
"SR1576","SR1576",4631,2017,"SR1","CADE",0,0.767975709788533,0.354,NA,767,502,32.66,12.91,0.08,660.8,59.39,NA,NA,NA,NA,NA,NA,NA,NA,NA,NA,NA,NA,NA,NA,NA,NA,NA,NA,NA,NA,NA,NA,NA,NA,NA,NA,NA,NA,NA,0.767975709788533,0.354,NA,767,502,32.66,12.91,0.08,660.8,59.39,NA,NA,NA,NA,NA,0.767975709788533,0.354,NA,767,502,32.66,12.91,0.08,660.8,59.39,NA,NA,NA,NA,NA,NA,NA,NA,NA,NA,NA,NA,NA,NA,NA,NA,NA,NA,NA,NA,NA,NA,NA,NA,NA,NA,NA,NA,NA,NA
"SR1586","SR1586",4632,2017,"SR1","PILA",0,1.32958217710687,0.227,NA,767,502,32.66,12.91,0.08,660.8,59.39,NA,NA,NA,NA,NA,NA,NA,NA,NA,NA,NA,NA,NA,NA,NA,NA,NA,NA,NA,NA,NA,NA,NA,NA,NA,NA,NA,NA,NA,1.32958217710687,0.227,NA,767,502,32.66,12.91,0.08,660.8,59.39,NA,NA,NA,NA,NA,1.32958217710687,0.227,NA,767,502,32.66,12.91,0.08,660.8,59.39,NA,NA,NA,NA,NA,NA,NA,NA,NA,NA,NA,NA,NA,NA,NA,NA,NA,NA,NA,NA,NA,NA,NA,NA,NA,NA,NA,NA,NA,NA
"SR1706","SR1706",4633,2017,"SR1","PIPO",0,0.280241344132139,0.518,NA,767,502,32.66,12.91,0.08,660.8,59.39,NA,NA,NA,NA,NA,NA,NA,NA,NA,NA,NA,NA,NA,NA,NA,NA,NA,NA,NA,NA,NA,NA,NA,NA,NA,NA,NA,NA,NA,0.280241344132139,0.518,NA,767,502,32.66,12.91,0.08,660.8,59.39,NA,NA,NA,NA,NA,0.280241344132139,0.518,NA,767,502,32.66,12.91,0.08,660.8,59.39,NA,NA,NA,NA,NA,NA,NA,NA,NA,NA,NA,NA,NA,NA,NA,NA,NA,NA,NA,NA,NA,NA,NA,NA,NA,NA,NA,NA,NA,0
"SR1760","SR1760",4634,2017,"SR1","CADE",0,1.54407953128351,0.413,NA,767,502,32.66,12.91,0.08,660.8,59.39,NA,NA,NA,NA,NA,NA,NA,NA,NA,NA,NA,NA,NA,NA,NA,NA,NA,NA,NA,NA,NA,NA,NA,NA,NA,NA,NA,NA,NA,1.54407953128351,0.413,NA,767,502,32.66,12.91,0.08,660.8,59.39,NA,NA,NA,NA,NA,1.54407953128351,0.413,NA,767,502,32.66,12.91,0.08,660.8,59.39,NA,NA,NA,NA,NA,NA,NA,NA,NA,NA,NA,NA,NA,NA,NA,NA,NA,NA,NA,NA,NA,NA,NA,NA,NA,NA,NA,NA,NA,NA
"TJ1050","TJ1050",4635,2017,"TJ1","PIJE",0,0.918802885444152,0.216,NA,476,388,26.09,8.02,1.15,480.3,39.59,NA,NA,NA,NA,NA,NA,NA,NA,NA,NA,NA,NA,NA,NA,NA,NA,NA,NA,NA,NA,NA,NA,NA,NA,NA,NA,NA,NA,NA,0.918802885444152,0.216,NA,476,388,26.09,8.02,1.15,480.3,39.59,NA,NA,NA,NA,NA,0.918802885444152,0.216,NA,476,388,26.09,8.02,1.15,480.3,39.59,NA,NA,NA,NA,NA,NA,NA,NA,NA,NA,NA,NA,NA,NA,NA,NA,NA,NA,NA,NA,NA,NA,NA,NA,NA,NA,NA,NA,NA,NA
"TJ1063","TJ1063",4636,2017,"TJ1","PICO",0,1.11628661516504,0.261,NA,476,388,26.09,8.02,1.15,480.3,39.59,NA,NA,NA,NA,NA,NA,NA,NA,NA,NA,NA,NA,NA,NA,NA,NA,NA,NA,NA,NA,NA,NA,NA,NA,NA,NA,NA,NA,NA,1.11628661516504,0.261,NA,476,388,26.09,8.02,1.15,480.3,39.59,NA,NA,NA,NA,NA,1.11628661516504,0.261,NA,476,388,26.09,8.02,1.15,480.3,39.59,NA,NA,NA,NA,NA,NA,NA,NA,NA,NA,NA,NA,NA,NA,NA,NA,NA,NA,NA,NA,NA,NA,NA,NA,NA,NA,NA,NA,NA,NA
"TJ1075","TJ1075",4637,2017,"TJ1","PIJE",0,0.725845051837176,0.216,NA,476,388,26.09,8.02,1.15,480.3,39.59,NA,NA,NA,NA,NA,NA,NA,NA,NA,NA,NA,NA,NA,NA,NA,NA,NA,NA,NA,NA,NA,NA,NA,NA,NA,NA,NA,NA,NA,0.725845051837176,0.216,NA,476,388,26.09,8.02,1.15,480.3,39.59,NA,NA,NA,NA,NA,0.725845051837176,0.216,NA,476,388,26.09,8.02,1.15,480.3,39.59,NA,NA,NA,NA,NA,NA,NA,NA,NA,NA,NA,NA,NA,NA,NA,NA,NA,NA,NA,NA,NA,NA,NA,NA,NA,NA,NA,NA,NA,NA
"TJ1095","TJ1095",4638,2017,"TJ1","PIJE",0,1.14622444322291,0.341,NA,476,388,26.09,8.02,1.15,480.3,39.59,NA,NA,NA,NA,NA,NA,NA,NA,NA,NA,NA,NA,NA,NA,NA,NA,NA,NA,NA,NA,NA,NA,NA,NA,NA,NA,NA,NA,NA,1.14622444322291,0.341,NA,476,388,26.09,8.02,1.15,480.3,39.59,NA,NA,NA,NA,NA,1.14622444322291,0.341,NA,476,388,26.09,8.02,1.15,480.3,39.59,NA,NA,NA,NA,NA,NA,NA,NA,NA,NA,NA,NA,NA,NA,NA,NA,NA,NA,NA,NA,NA,NA,NA,NA,NA,NA,NA,NA,NA,NA
"TJ1102","TJ1102",4639,2017,"TJ1","PIJE",0,1.35020131195598,0.352,NA,476,388,26.09,8.02,1.15,480.3,39.59,NA,NA,NA,NA,NA,NA,NA,NA,NA,NA,NA,NA,NA,NA,NA,NA,NA,NA,NA,NA,NA,NA,NA,NA,NA,NA,NA,NA,NA,1.35020131195598,0.352,NA,476,388,26.09,8.02,1.15,480.3,39.59,NA,NA,NA,NA,NA,1.35020131195598,0.352,NA,476,388,26.09,8.02,1.15,480.3,39.59,NA,NA,NA,NA,NA,NA,NA,NA,NA,NA,NA,NA,NA,NA,NA,NA,NA,NA,NA,NA,NA,NA,NA,NA,NA,NA,NA,NA,NA,NA
"TJ1105","TJ1105",4640,2017,"TJ1","PIJE",0,0.780256289981093,0.424,NA,476,388,26.09,8.02,1.15,480.3,39.59,NA,NA,NA,NA,NA,NA,NA,NA,NA,NA,NA,NA,NA,NA,NA,NA,NA,NA,NA,NA,NA,NA,NA,NA,NA,NA,NA,NA,NA,0.780256289981093,0.424,NA,476,388,26.09,8.02,1.15,480.3,39.59,NA,NA,NA,NA,NA,0.780256289981093,0.424,NA,476,388,26.09,8.02,1.15,480.3,39.59,NA,NA,NA,NA,NA,NA,NA,NA,NA,NA,NA,NA,NA,NA,NA,NA,NA,NA,NA,NA,NA,NA,NA,NA,NA,NA,NA,NA,NA,NA
"TJ1108","TJ1108",4641,2017,"TJ1","PIJE",0,0.63543079218157,0.513,NA,476,388,26.09,8.02,1.15,480.3,39.59,NA,NA,NA,NA,NA,NA,NA,NA,NA,NA,NA,NA,NA,NA,NA,NA,NA,NA,NA,NA,NA,NA,NA,NA,NA,NA,NA,NA,NA,0.63543079218157,0.513,NA,476,388,26.09,8.02,1.15,480.3,39.59,NA,NA,NA,NA,NA,0.63543079218157,0.513,NA,476,388,26.09,8.02,1.15,480.3,39.59,NA,NA,NA,NA,NA,NA,NA,NA,NA,NA,NA,NA,NA,NA,NA,NA,NA,NA,NA,NA,NA,NA,NA,NA,NA,NA,NA,NA,NA,NA
"TJ1114","TJ1114",4642,2017,"TJ1","PIJE",0,0.903588142716755,0.206,NA,476,388,26.09,8.02,1.15,480.3,39.59,NA,NA,NA,NA,NA,NA,NA,NA,NA,NA,NA,NA,NA,NA,NA,NA,NA,NA,NA,NA,NA,NA,NA,NA,NA,NA,NA,NA,NA,0.903588142716755,0.206,NA,476,388,26.09,8.02,1.15,480.3,39.59,NA,NA,NA,NA,NA,0.903588142716755,0.206,NA,476,388,26.09,8.02,1.15,480.3,39.59,NA,NA,NA,NA,NA,NA,NA,NA,NA,NA,NA,NA,NA,NA,NA,NA,NA,NA,NA,NA,NA,NA,NA,NA,NA,NA,NA,NA,NA,NA
"TJ1126","TJ1126",4643,2017,"TJ1","ABMA",0,1.05516032662429,0.268,NA,476,388,26.09,8.02,1.15,480.3,39.59,NA,NA,NA,NA,NA,NA,NA,NA,NA,NA,NA,NA,NA,NA,NA,NA,NA,NA,NA,NA,NA,NA,NA,NA,NA,NA,NA,NA,NA,1.05516032662429,0.268,NA,476,388,26.09,8.02,1.15,480.3,39.59,NA,NA,NA,NA,NA,1.05516032662429,0.268,NA,476,388,26.09,8.02,1.15,480.3,39.59,NA,NA,NA,NA,NA,NA,NA,NA,NA,NA,NA,NA,NA,NA,NA,NA,NA,NA,NA,NA,NA,NA,NA,NA,NA,NA,NA,NA,NA,NA
"TJ1130","TJ1130",4644,2017,"TJ1","PICO",0,1.013477806313,0.52,NA,476,388,26.09,8.02,1.15,480.3,39.59,NA,NA,NA,NA,NA,NA,NA,NA,NA,NA,NA,NA,NA,NA,NA,NA,NA,NA,NA,NA,NA,NA,NA,NA,NA,NA,NA,NA,NA,1.013477806313,0.52,NA,476,388,26.09,8.02,1.15,480.3,39.59,NA,NA,NA,NA,NA,1.013477806313,0.52,NA,476,388,26.09,8.02,1.15,480.3,39.59,NA,NA,NA,NA,NA,NA,NA,NA,NA,NA,NA,NA,NA,NA,NA,NA,NA,NA,NA,NA,NA,NA,NA,NA,NA,NA,NA,NA,NA,NA
"TJ1144","TJ1144",4645,2017,"TJ1","PIJE",0,0.912441454713347,0.292,NA,476,388,26.09,8.02,1.15,480.3,39.59,NA,NA,NA,NA,NA,NA,NA,NA,NA,NA,NA,NA,NA,NA,NA,NA,NA,NA,NA,NA,NA,NA,NA,NA,NA,NA,NA,NA,NA,0.912441454713347,0.292,NA,476,388,26.09,8.02,1.15,480.3,39.59,NA,NA,NA,NA,NA,0.912441454713347,0.292,NA,476,388,26.09,8.02,1.15,480.3,39.59,NA,NA,NA,NA,NA,NA,NA,NA,NA,NA,NA,NA,NA,NA,NA,NA,NA,NA,NA,NA,NA,NA,NA,NA,NA,NA,NA,NA,NA,NA
"TJ1158","TJ1158",4646,2017,"TJ1","PIJE",0,1.10154897891932,0.466,NA,476,388,26.09,8.02,1.15,480.3,39.59,NA,NA,NA,NA,NA,NA,NA,NA,NA,NA,NA,NA,NA,NA,NA,NA,NA,NA,NA,NA,NA,NA,NA,NA,NA,NA,NA,NA,NA,1.10154897891932,0.466,NA,476,388,26.09,8.02,1.15,480.3,39.59,NA,NA,NA,NA,NA,1.10154897891932,0.466,NA,476,388,26.09,8.02,1.15,480.3,39.59,NA,NA,NA,NA,NA,NA,NA,NA,NA,NA,NA,NA,NA,NA,NA,NA,NA,NA,NA,NA,NA,NA,NA,NA,NA,NA,NA,NA,NA,NA
"TJ1164","TJ1164",4647,2017,"TJ1","PIJE",0,0.870100769003163,0.408,NA,476,388,26.09,8.02,1.15,480.3,39.59,NA,NA,NA,NA,NA,NA,NA,NA,NA,NA,NA,NA,NA,NA,NA,NA,NA,NA,NA,NA,NA,NA,NA,NA,NA,NA,NA,NA,NA,0.870100769003163,0.408,NA,476,388,26.09,8.02,1.15,480.3,39.59,NA,NA,NA,NA,NA,0.870100769003163,0.408,NA,476,388,26.09,8.02,1.15,480.3,39.59,NA,NA,NA,NA,NA,NA,NA,NA,NA,NA,NA,NA,NA,NA,NA,NA,NA,NA,NA,NA,NA,NA,NA,NA,NA,NA,NA,NA,NA,NA
"TJ1168","TJ1168",4648,2017,"TJ1","PIJE",0,1.07473390408112,0.452,NA,476,388,26.09,8.02,1.15,480.3,39.59,NA,NA,NA,NA,NA,NA,NA,NA,NA,NA,NA,NA,NA,NA,NA,NA,NA,NA,NA,NA,NA,NA,NA,NA,NA,NA,NA,NA,NA,1.07473390408112,0.452,NA,476,388,26.09,8.02,1.15,480.3,39.59,NA,NA,NA,NA,NA,1.07473390408112,0.452,NA,476,388,26.09,8.02,1.15,480.3,39.59,NA,NA,NA,NA,NA,NA,NA,NA,NA,NA,NA,NA,NA,NA,NA,NA,NA,NA,NA,NA,NA,NA,NA,NA,NA,NA,NA,NA,NA,NA
"TJ1198","TJ1198",4649,2017,"TJ1","PIJE",0,1.40868901061079,0.265,NA,476,388,26.09,8.02,1.15,480.3,39.59,NA,NA,NA,NA,NA,NA,NA,NA,NA,NA,NA,NA,NA,NA,NA,NA,NA,NA,NA,NA,NA,NA,NA,NA,NA,NA,NA,NA,NA,1.40868901061079,0.265,NA,476,388,26.09,8.02,1.15,480.3,39.59,NA,NA,NA,NA,NA,1.40868901061079,0.265,NA,476,388,26.09,8.02,1.15,480.3,39.59,NA,NA,NA,NA,NA,NA,NA,NA,NA,NA,NA,NA,NA,NA,NA,NA,NA,NA,NA,NA,NA,NA,NA,NA,NA,NA,NA,NA,NA,NA
"TJ1321","TJ1321",4650,2017,"TJ1","PIJE",0,1.11568606389716,0.416,NA,476,388,26.09,8.02,1.15,480.3,39.59,NA,NA,NA,NA,NA,NA,NA,NA,NA,NA,NA,NA,NA,NA,NA,NA,NA,NA,NA,NA,NA,NA,NA,NA,NA,NA,NA,NA,NA,1.11568606389716,0.416,NA,476,388,26.09,8.02,1.15,480.3,39.59,NA,NA,NA,NA,NA,1.11568606389716,0.416,NA,476,388,26.09,8.02,1.15,480.3,39.59,NA,NA,NA,NA,NA,NA,NA,NA,NA,NA,NA,NA,NA,NA,NA,NA,NA,NA,NA,NA,NA,NA,NA,NA,NA,NA,NA,NA,NA,NA
"TJ1332","TJ1332",4651,2017,"TJ1","ABMA",0,1.21593653662658,0.268,NA,476,388,26.09,8.02,1.15,480.3,39.59,NA,NA,NA,NA,NA,NA,NA,NA,NA,NA,NA,NA,NA,NA,NA,NA,NA,NA,NA,NA,NA,NA,NA,NA,NA,NA,NA,NA,NA,1.21593653662658,0.268,NA,476,388,26.09,8.02,1.15,480.3,39.59,NA,NA,NA,NA,NA,1.21593653662658,0.268,NA,476,388,26.09,8.02,1.15,480.3,39.59,NA,NA,NA,NA,NA,NA,NA,NA,NA,NA,NA,NA,NA,NA,NA,NA,NA,NA,NA,NA,NA,NA,NA,NA,NA,NA,NA,NA,NA,NA
"TJ1345","TJ1345",4652,2017,"TJ1","PIJE",0,1.14184987594184,0.263,NA,476,388,26.09,8.02,1.15,480.3,39.59,NA,NA,NA,NA,NA,NA,NA,NA,NA,NA,NA,NA,NA,NA,NA,NA,NA,NA,NA,NA,NA,NA,NA,NA,NA,NA,NA,NA,NA,1.14184987594184,0.263,NA,476,388,26.09,8.02,1.15,480.3,39.59,NA,NA,NA,NA,NA,1.14184987594184,0.263,NA,476,388,26.09,8.02,1.15,480.3,39.59,NA,NA,NA,NA,NA,NA,NA,NA,NA,NA,NA,NA,NA,NA,NA,NA,NA,NA,NA,NA,NA,NA,NA,NA,NA,NA,NA,NA,NA,NA
"TJ1350","TJ1350",4653,2017,"TJ1","PIJE",0,2.24551593381262,0.409,NA,476,388,26.09,8.02,1.15,480.3,39.59,NA,NA,NA,NA,NA,NA,NA,NA,NA,NA,NA,NA,NA,NA,NA,NA,NA,NA,NA,NA,NA,NA,NA,NA,NA,NA,NA,NA,NA,2.24551593381262,0.409,NA,476,388,26.09,8.02,1.15,480.3,39.59,NA,NA,NA,NA,NA,2.24551593381262,0.409,NA,476,388,26.09,8.02,1.15,480.3,39.59,NA,NA,NA,NA,NA,NA,NA,NA,NA,NA,NA,NA,NA,NA,NA,NA,NA,NA,NA,NA,NA,NA,NA,NA,NA,NA,NA,NA,NA,NA
"TJ1354","TJ1354",4654,2017,"TJ1","PIJE",0,0.432637561065602,0.371,NA,476,388,26.09,8.02,1.15,480.3,39.59,NA,NA,NA,NA,NA,NA,NA,NA,NA,NA,NA,NA,NA,NA,NA,NA,NA,NA,NA,NA,NA,NA,NA,NA,NA,NA,NA,NA,NA,0.432637561065602,0.371,NA,476,388,26.09,8.02,1.15,480.3,39.59,NA,NA,NA,NA,NA,0.432637561065602,0.371,NA,476,388,26.09,8.02,1.15,480.3,39.59,NA,NA,NA,NA,NA,NA,NA,NA,NA,NA,NA,NA,NA,NA,NA,NA,NA,NA,NA,NA,NA,NA,NA,NA,NA,NA,NA,NA,NA,NA
"TJ1358","TJ1358",4655,2017,"TJ1","ABMA",0,1.06770800086506,0.094,NA,476,388,26.09,8.02,1.15,480.3,39.59,NA,NA,NA,NA,NA,NA,NA,NA,NA,NA,NA,NA,NA,NA,NA,NA,NA,NA,NA,NA,NA,NA,NA,NA,NA,NA,NA,NA,NA,1.06770800086506,0.094,NA,476,388,26.09,8.02,1.15,480.3,39.59,NA,NA,NA,NA,NA,1.06770800086506,0.094,NA,476,388,26.09,8.02,1.15,480.3,39.59,NA,NA,NA,NA,NA,NA,NA,NA,NA,NA,NA,NA,NA,NA,NA,NA,NA,NA,NA,NA,NA,NA,NA,NA,NA,NA,NA,NA,NA,NA
"TJ1DT1","TJ1DT1",4656,2017,"TJ1","PIJE",1,1.19240446297491,0.374,NA,476,388,26.09,8.02,1.15,480.3,39.59,NA,NA,NA,NA,NA,NA,NA,NA,NA,NA,NA,NA,NA,NA,NA,NA,NA,NA,NA,NA,NA,NA,NA,NA,NA,NA,NA,NA,NA,1.19240446297491,0.374,NA,476,388,26.09,8.02,1.15,480.3,39.59,NA,NA,NA,NA,NA,1.19240446297491,0.374,NA,476,388,26.09,8.02,1.15,480.3,39.59,NA,NA,NA,NA,NA,NA,NA,NA,NA,NA,NA,NA,NA,NA,NA,NA,NA,NA,NA,NA,NA,NA,NA,NA,NA,NA,NA,NA,NA,NA
"TJ1DT2","TJ1DT2",4657,2017,"TJ1","PIJE",1,0.832342172059433,0.398,NA,476,388,26.09,8.02,1.15,480.3,39.59,NA,NA,NA,NA,NA,NA,NA,NA,NA,NA,NA,NA,NA,NA,NA,NA,NA,NA,NA,NA,NA,NA,NA,NA,NA,NA,NA,NA,NA,0.832342172059433,0.398,NA,476,388,26.09,8.02,1.15,480.3,39.59,NA,NA,NA,NA,NA,0.832342172059433,0.398,NA,476,388,26.09,8.02,1.15,480.3,39.59,NA,NA,NA,NA,NA,NA,NA,NA,NA,NA,NA,NA,NA,NA,NA,NA,NA,NA,NA,NA,NA,NA,NA,NA,NA,NA,NA,NA,NA,NA
"TJ1OP1","TJ1OP1",4658,2017,"TJ1","PIJE",0,0.70234073790361,0.27,NA,476,388,26.09,8.02,1.15,480.3,39.59,NA,NA,NA,NA,NA,NA,NA,NA,NA,NA,NA,NA,NA,NA,NA,NA,NA,NA,NA,NA,NA,NA,NA,NA,NA,NA,NA,NA,NA,0.70234073790361,0.27,NA,476,388,26.09,8.02,1.15,480.3,39.59,NA,NA,NA,NA,NA,0.70234073790361,0.27,NA,476,388,26.09,8.02,1.15,480.3,39.59,NA,NA,NA,NA,NA,NA,NA,NA,NA,NA,NA,NA,NA,NA,NA,NA,NA,NA,NA,NA,NA,NA,NA,NA,NA,NA,NA,NA,NA,NA
"TJ1OP2","TJ1OP2",4659,2017,"TJ1","PIJE",0,1.20645209252934,0.363,NA,476,388,26.09,8.02,1.15,480.3,39.59,NA,NA,NA,NA,NA,NA,NA,NA,NA,NA,NA,NA,NA,NA,NA,NA,NA,NA,NA,NA,NA,NA,NA,NA,NA,NA,NA,NA,NA,1.20645209252934,0.363,NA,476,388,26.09,8.02,1.15,480.3,39.59,NA,NA,NA,NA,NA,1.20645209252934,0.363,NA,476,388,26.09,8.02,1.15,480.3,39.59,NA,NA,NA,NA,NA,NA,NA,NA,NA,NA,NA,NA,NA,NA,NA,NA,NA,NA,NA,NA,NA,NA,NA,NA,NA,NA,NA,NA,NA,NA
"TJ1OP3","TJ1OP3",4660,2017,"TJ1","PIJE",0,1.12402649180881,0.388,NA,476,388,26.09,8.02,1.15,480.3,39.59,NA,NA,NA,NA,NA,NA,NA,NA,NA,NA,NA,NA,NA,NA,NA,NA,NA,NA,NA,NA,NA,NA,NA,NA,NA,NA,NA,NA,NA,1.12402649180881,0.388,NA,476,388,26.09,8.02,1.15,480.3,39.59,NA,NA,NA,NA,NA,1.12402649180881,0.388,NA,476,388,26.09,8.02,1.15,480.3,39.59,NA,NA,NA,NA,NA,NA,NA,NA,NA,NA,NA,NA,NA,NA,NA,NA,NA,NA,NA,NA,NA,NA,NA,NA,NA,NA,NA,NA,NA,NA
"TJ1OP4","TJ1OP4",4661,2017,"TJ1","PIJE",0,0.936548251412561,0.191,NA,476,388,26.09,8.02,1.15,480.3,39.59,NA,NA,NA,NA,NA,NA,NA,NA,NA,NA,NA,NA,NA,NA,NA,NA,NA,NA,NA,NA,NA,NA,NA,NA,NA,NA,NA,NA,NA,0.936548251412561,0.191,NA,476,388,26.09,8.02,1.15,480.3,39.59,NA,NA,NA,NA,NA,0.936548251412561,0.191,NA,476,388,26.09,8.02,1.15,480.3,39.59,NA,NA,NA,NA,NA,NA,NA,NA,NA,NA,NA,NA,NA,NA,NA,NA,NA,NA,NA,NA,NA,NA,NA,NA,NA,NA,NA,NA,NA,NA
"TJ1OP5","TJ1OP5",4662,2017,"TJ1","PIJE",0,1.19773703257606,0.192,NA,476,388,26.09,8.02,1.15,480.3,39.59,NA,NA,NA,NA,NA,NA,NA,NA,NA,NA,NA,NA,NA,NA,NA,NA,NA,NA,NA,NA,NA,NA,NA,NA,NA,NA,NA,NA,NA,1.19773703257606,0.192,NA,476,388,26.09,8.02,1.15,480.3,39.59,NA,NA,NA,NA,NA,1.19773703257606,0.192,NA,476,388,26.09,8.02,1.15,480.3,39.59,NA,NA,NA,NA,NA,NA,NA,NA,NA,NA,NA,NA,NA,NA,NA,NA,NA,NA,NA,NA,NA,NA,NA,NA,NA,NA,NA,NA,NA,NA
"TJ1OP6","TJ1OP6",4663,2017,"TJ1","PIJE",0,0.938192369469929,0.271,NA,476,388,26.09,8.02,1.15,480.3,39.59,NA,NA,NA,NA,NA,NA,NA,NA,NA,NA,NA,NA,NA,NA,NA,NA,NA,NA,NA,NA,NA,NA,NA,NA,NA,NA,NA,NA,NA,0.938192369469929,0.271,NA,476,388,26.09,8.02,1.15,480.3,39.59,NA,NA,NA,NA,NA,0.938192369469929,0.271,NA,476,388,26.09,8.02,1.15,480.3,39.59,NA,NA,NA,NA,NA,NA,NA,NA,NA,NA,NA,NA,NA,NA,NA,NA,NA,NA,NA,NA,NA,NA,NA,NA,NA,NA,NA,NA,NA,NA
"TJP032","TJP032",4664,2017,"TJP","PIJE",0,0.871766944836364,0.271,NA,510,440.7,27.39,7.99,1.14,531.4,41.98,3.088135717,NA,NA,NA,NA,NA,NA,NA,NA,NA,NA,NA,NA,NA,NA,NA,NA,NA,NA,NA,NA,NA,NA,NA,NA,NA,NA,NA,NA,0.871766944836364,0.271,NA,510,440.7,27.39,7.99,1.14,531.4,41.98,3.088135717,NA,NA,NA,NA,0.871766944836364,0.271,NA,510,440.7,27.39,7.99,1.14,531.4,41.98,3.088135717,NA,NA,NA,NA,NA,NA,NA,NA,NA,NA,NA,NA,NA,NA,NA,NA,NA,NA,NA,NA,NA,NA,NA,NA,NA,NA,NA,NA,0
"TJP059","TJP059",4665,2017,"TJP","ABCO",0,1.27663182796599,0.172,NA,510,440.7,27.39,7.99,1.14,531.4,41.98,30.43853925,NA,NA,NA,NA,NA,NA,NA,NA,NA,NA,NA,NA,NA,NA,NA,NA,NA,NA,NA,NA,NA,NA,NA,NA,NA,NA,NA,NA,1.27663182796599,0.172,NA,510,440.7,27.39,7.99,1.14,531.4,41.98,30.43853925,NA,NA,NA,NA,1.27663182796599,0.172,NA,510,440.7,27.39,7.99,1.14,531.4,41.98,30.43853925,NA,NA,NA,NA,NA,NA,NA,NA,NA,NA,NA,NA,NA,NA,NA,NA,NA,NA,NA,NA,NA,NA,NA,NA,NA,NA,NA,NA,NA
"TJP080","TJP080",4666,2017,"TJP","PIJE",0,0.921913991474435,0.306,NA,510,440.7,27.39,7.99,1.14,531.4,41.98,3.206811874,NA,NA,NA,NA,NA,NA,NA,NA,NA,NA,NA,NA,NA,NA,NA,NA,NA,NA,NA,NA,NA,NA,NA,NA,NA,NA,NA,NA,0.921913991474435,0.306,NA,510,440.7,27.39,7.99,1.14,531.4,41.98,3.206811874,NA,NA,NA,NA,0.921913991474435,0.306,NA,510,440.7,27.39,7.99,1.14,531.4,41.98,3.206811874,NA,NA,NA,NA,NA,NA,NA,NA,NA,NA,NA,NA,NA,NA,NA,NA,NA,NA,NA,NA,NA,NA,NA,NA,NA,NA,NA,NA,0
"TJP081","TJP081",4667,2017,"TJP","PIJE",0,1.00222430434744,0.52,NA,510,440.7,27.39,7.99,1.14,531.4,41.98,4.373631652,NA,NA,NA,NA,NA,NA,NA,NA,NA,NA,NA,NA,NA,NA,NA,NA,NA,NA,NA,NA,NA,NA,NA,NA,NA,NA,NA,NA,1.00222430434744,0.52,NA,510,440.7,27.39,7.99,1.14,531.4,41.98,4.373631652,NA,NA,NA,NA,1.00222430434744,0.52,NA,510,440.7,27.39,7.99,1.14,531.4,41.98,4.373631652,NA,NA,NA,NA,NA,NA,NA,NA,NA,NA,NA,NA,NA,NA,NA,NA,NA,NA,NA,NA,NA,NA,NA,NA,NA,NA,NA,NA,0
"TJP082","TJP082",4668,2017,"TJP","PIJE",0,0.808750308743422,0.421,NA,510,440.7,27.39,7.99,1.14,531.4,41.98,5.47233907,NA,NA,NA,NA,NA,NA,NA,NA,NA,NA,NA,NA,NA,NA,NA,NA,NA,NA,NA,NA,NA,NA,NA,NA,NA,NA,NA,NA,0.808750308743422,0.421,NA,510,440.7,27.39,7.99,1.14,531.4,41.98,5.47233907,NA,NA,NA,NA,0.808750308743422,0.421,NA,510,440.7,27.39,7.99,1.14,531.4,41.98,5.47233907,NA,NA,NA,NA,NA,NA,NA,NA,NA,NA,NA,NA,NA,NA,NA,NA,NA,NA,NA,NA,NA,NA,NA,NA,NA,NA,NA,NA,NA
"TJP083","TJP083",4669,2017,"TJP","PIPO",0,0.743592351865149,0.454,NA,510,440.7,27.39,7.99,1.14,531.4,41.98,7.454235044,NA,NA,NA,NA,NA,NA,NA,NA,NA,NA,NA,NA,NA,NA,NA,NA,NA,NA,NA,NA,NA,NA,NA,NA,NA,NA,NA,NA,0.743592351865149,0.454,NA,510,440.7,27.39,7.99,1.14,531.4,41.98,7.454235044,NA,NA,NA,NA,0.743592351865149,0.454,NA,510,440.7,27.39,7.99,1.14,531.4,41.98,7.454235044,NA,NA,NA,NA,NA,NA,NA,NA,NA,NA,NA,NA,NA,NA,NA,NA,NA,NA,NA,NA,NA,NA,NA,NA,NA,NA,NA,NA,NA
"TJP095","TJP095",4670,2017,"TJP","PIPO",0,0.662668476697096,0.125,NA,510,440.7,27.39,7.99,1.14,531.4,41.98,5.551772268,NA,NA,NA,NA,NA,NA,NA,NA,NA,NA,NA,NA,NA,NA,NA,NA,NA,NA,NA,NA,NA,NA,NA,NA,NA,NA,NA,NA,0.662668476697096,0.125,NA,510,440.7,27.39,7.99,1.14,531.4,41.98,5.551772268,NA,NA,NA,NA,0.662668476697096,0.125,NA,510,440.7,27.39,7.99,1.14,531.4,41.98,5.551772268,NA,NA,NA,NA,NA,NA,NA,NA,NA,NA,NA,NA,NA,NA,NA,NA,NA,NA,NA,NA,NA,NA,NA,NA,NA,NA,NA,NA,NA
"TJP446","TJP446",4671,2017,"TJP","PIJE",0,0.928493689035383,0.377,NA,510,440.7,27.39,7.99,1.14,531.4,41.98,8.2170905,NA,NA,NA,NA,NA,NA,NA,NA,NA,NA,NA,NA,NA,NA,NA,NA,NA,NA,NA,NA,NA,NA,NA,NA,NA,NA,NA,NA,0.928493689035383,0.377,NA,510,440.7,27.39,7.99,1.14,531.4,41.98,8.2170905,NA,NA,NA,NA,0.928493689035383,0.377,NA,510,440.7,27.39,7.99,1.14,531.4,41.98,8.2170905,NA,NA,NA,NA,NA,NA,NA,NA,NA,NA,NA,NA,NA,NA,NA,NA,NA,NA,NA,NA,NA,NA,NA,NA,NA,NA,NA,NA,0
"TJP541","TJP541",4672,2017,"TJP","PIJE",0,0.813004355778401,0.378,NA,510,440.7,27.39,7.99,1.14,531.4,41.98,5.288189013,NA,NA,NA,NA,NA,NA,NA,NA,NA,NA,NA,NA,NA,NA,NA,NA,NA,NA,NA,NA,NA,NA,NA,NA,NA,NA,NA,NA,0.813004355778401,0.378,NA,510,440.7,27.39,7.99,1.14,531.4,41.98,5.288189013,NA,NA,NA,NA,0.813004355778401,0.378,NA,510,440.7,27.39,7.99,1.14,531.4,41.98,5.288189013,NA,NA,NA,NA,NA,NA,NA,NA,NA,NA,NA,NA,NA,NA,NA,NA,NA,NA,NA,NA,NA,NA,NA,NA,NA,NA,NA,NA,NA
"TJP577","TJP577",4673,2017,"TJP","PIJE",0,1.24624619012642,0.309,NA,510,440.7,27.39,7.99,1.14,531.4,41.98,2.975633948,NA,NA,NA,NA,NA,NA,NA,NA,NA,NA,NA,NA,NA,NA,NA,NA,NA,NA,NA,NA,NA,NA,NA,NA,NA,NA,NA,NA,1.24624619012642,0.309,NA,510,440.7,27.39,7.99,1.14,531.4,41.98,2.975633948,NA,NA,NA,NA,1.24624619012642,0.309,NA,510,440.7,27.39,7.99,1.14,531.4,41.98,2.975633948,NA,NA,NA,NA,NA,NA,NA,NA,NA,NA,NA,NA,NA,NA,NA,NA,NA,NA,NA,NA,NA,NA,NA,NA,NA,NA,NA,NA,NA
"TJP699","TJP699",4674,2017,"TJP","PIJE",0,0.788445954111291,0.406,NA,510,440.7,27.39,7.99,1.14,531.4,41.98,NA,NA,NA,NA,NA,NA,NA,NA,NA,NA,NA,NA,NA,NA,NA,NA,NA,NA,NA,NA,NA,NA,NA,NA,NA,NA,NA,NA,NA,0.788445954111291,0.406,NA,510,440.7,27.39,7.99,1.14,531.4,41.98,NA,NA,NA,NA,NA,0.788445954111291,0.406,NA,510,440.7,27.39,7.99,1.14,531.4,41.98,NA,NA,NA,NA,NA,NA,NA,NA,NA,NA,NA,NA,NA,NA,NA,NA,NA,NA,NA,NA,NA,NA,NA,NA,NA,NA,NA,NA,NA,NA
"TJPDTX","TJPDTX",4675,2017,"TJP","PIJE",1,1.18942710775835,0.439,NA,510,440.7,27.39,7.99,1.14,531.4,41.98,NA,NA,NA,NA,NA,NA,NA,NA,NA,NA,NA,NA,NA,NA,NA,NA,NA,NA,NA,NA,NA,NA,NA,NA,NA,NA,NA,NA,NA,1.18942710775835,0.439,NA,510,440.7,27.39,7.99,1.14,531.4,41.98,NA,NA,NA,NA,NA,1.18942710775835,0.439,NA,510,440.7,27.39,7.99,1.14,531.4,41.98,NA,NA,NA,NA,NA,NA,NA,NA,NA,NA,NA,NA,NA,NA,NA,NA,NA,NA,NA,NA,NA,NA,NA,NA,NA,NA,NA,NA,NA,0
"TJPOP1","TJPOP1",4676,2017,"TJP","PIPO",0,0.738292136879442,0.407,NA,510,440.7,27.39,7.99,1.14,531.4,41.98,NA,NA,NA,NA,NA,NA,NA,NA,NA,NA,NA,NA,NA,NA,NA,NA,NA,NA,NA,NA,NA,NA,NA,NA,NA,NA,NA,NA,NA,0.738292136879442,0.407,NA,510,440.7,27.39,7.99,1.14,531.4,41.98,NA,NA,NA,NA,NA,0.738292136879442,0.407,NA,510,440.7,27.39,7.99,1.14,531.4,41.98,NA,NA,NA,NA,NA,NA,NA,NA,NA,NA,NA,NA,NA,NA,NA,NA,NA,NA,NA,NA,NA,NA,NA,NA,NA,NA,NA,NA,NA,NA
"TJPOP2","TJPOP2",4677,2017,"TJP","PIJE",0,0.838591771045501,0.321,NA,510,440.7,27.39,7.99,1.14,531.4,41.98,NA,NA,NA,NA,NA,NA,NA,NA,NA,NA,NA,NA,NA,NA,NA,NA,NA,NA,NA,NA,NA,NA,NA,NA,NA,NA,NA,NA,NA,0.838591771045501,0.321,NA,510,440.7,27.39,7.99,1.14,531.4,41.98,NA,NA,NA,NA,NA,0.838591771045501,0.321,NA,510,440.7,27.39,7.99,1.14,531.4,41.98,NA,NA,NA,NA,NA,NA,NA,NA,NA,NA,NA,NA,NA,NA,NA,NA,NA,NA,NA,NA,NA,NA,NA,NA,NA,NA,NA,NA,NA,0
"TP1001","TP1001",4678,2017,"TP1","PIPO",0,1.1041888217188,0.188,NA,718,501.1,31.83,12.98,0.43,477.5,48.82,2.400059077,NA,NA,NA,NA,NA,NA,NA,NA,NA,NA,NA,NA,NA,NA,NA,NA,NA,NA,NA,NA,NA,NA,NA,NA,NA,NA,NA,NA,1.1041888217188,0.188,NA,718,501.1,31.83,12.98,0.43,477.5,48.82,2.400059077,NA,NA,NA,NA,1.1041888217188,0.188,NA,718,501.1,31.83,12.98,0.43,477.5,48.82,2.400059077,NA,NA,NA,NA,NA,NA,NA,NA,NA,NA,NA,NA,NA,NA,NA,NA,NA,NA,NA,NA,NA,NA,NA,NA,NA,NA,NA,NA,0
"TP1D10","TP1D10",4679,2017,"TP1","PIPO",1,0.392761456170377,0.126,NA,718,501.1,31.83,12.98,0.43,477.5,48.82,NA,NA,NA,NA,NA,NA,NA,NA,NA,NA,NA,NA,NA,NA,NA,NA,NA,NA,NA,NA,NA,NA,NA,NA,NA,NA,NA,NA,NA,0.392761456170377,0.126,NA,718,501.1,31.83,12.98,0.43,477.5,48.82,NA,NA,NA,NA,NA,0.392761456170377,0.126,NA,718,501.1,31.83,12.98,0.43,477.5,48.82,NA,NA,NA,NA,NA,NA,NA,NA,NA,NA,NA,NA,NA,NA,NA,NA,NA,NA,NA,NA,NA,NA,NA,NA,NA,NA,NA,NA,NA,NA
"SP1062","SP1062",4474,2016,NA,NA,NA,NA,NA,NA,NA,NA,NA,NA,NA,NA,NA,NA,0.227742299898504,0.453959480600092,8.52468448275862,2.97502103773404,2.49553390804598,2.45116308738981,653.974894362137,614.616596360381,NA,NA,NA,NA,NA,NA,NA,NA,NA,NA,NA,NA,NA,NA,NA,NA,NA,NA,NA,NA,NA,NA,NA,NA,NA,NA,NA,NA,NA,NA,NA,0.227742299898504,0.453959480600092,8.52468448275862,2.97502103773404,NA,NA,NA,NA,NA,NA,NA,NA,NA,NA,NA,0.227742299898504,0.453959480600092,8.52468448275862,2.97502103773404,NA,NA,NA,NA,NA,NA,NA,NA,NA,NA,NA,NA,NA,NA,NA,NA,NA,NA,NA,NA,NA,NA,NA,NA,0.156
"SP1073","SP1073",4330,2015,NA,NA,NA,NA,NA,NA,NA,NA,NA,NA,NA,NA,NA,NA,0.31878211549521,0.533687430777334,8.73815313901345,4.86108993243438,2.2923466367713,2.02484130777829,2644.96295159876,2669.5495877233,NA,NA,NA,NA,NA,NA,NA,NA,NA,NA,NA,NA,NA,NA,NA,NA,NA,NA,NA,NA,NA,NA,NA,NA,NA,NA,NA,NA,NA,NA,NA,0.31878211549521,0.533687430777334,8.73815313901345,4.86108993243438,NA,NA,NA,NA,NA,NA,NA,NA,NA,NA,NA,0.31878211549521,0.533687430777334,8.73815313901345,4.86108993243438,NA,NA,NA,NA,NA,NA,NA,NA,NA,NA,NA,NA,NA,NA,NA,NA,NA,NA,NA,NA,NA,NA,NA,NA,0.12
"SP1087","SP1087",3894,2012,NA,NA,NA,NA,NA,NA,NA,NA,NA,NA,NA,NA,NA,NA,0.195611493374131,0.179780077720836,45.0815895470383,14.4970009061701,14.5140363530778,5.51211499945982,6691.05918446083,4790.35449016583,NA,NA,NA,NA,NA,NA,NA,NA,NA,NA,NA,NA,NA,NA,NA,NA,NA,NA,NA,NA,NA,NA,NA,NA,NA,NA,NA,NA,NA,NA,NA,0.195611493374131,0.179780077720836,45.0815895470383,14.4970009061701,NA,NA,NA,NA,NA,NA,NA,NA,NA,NA,NA,0.195611493374131,0.179780077720836,45.0815895470383,14.4970009061701,NA,NA,NA,NA,NA,NA,NA,NA,NA,NA,NA,NA,NA,NA,NA,NA,NA,NA,NA,NA,NA,NA,NA,NA,0.207
"SP1110","SP1110",4043,2013,NA,NA,NA,NA,NA,NA,NA,NA,NA,NA,NA,NA,NA,NA,0.619716234040383,1.51057463230054,5.69371549295775,4.27015765922258,3.18234366197183,3.98738224960344,1580.13477691236,2426.84057382328,NA,NA,NA,NA,NA,NA,NA,NA,NA,NA,NA,NA,NA,NA,NA,NA,NA,NA,NA,NA,NA,NA,NA,NA,NA,NA,NA,NA,NA,NA,NA,0.619716234040383,1.51057463230054,5.69371549295775,4.27015765922258,NA,NA,NA,NA,NA,NA,NA,NA,NA,NA,NA,0.619716234040383,1.51057463230054,5.69371549295775,4.27015765922258,NA,NA,NA,NA,NA,NA,NA,NA,NA,NA,NA,NA,NA,NA,NA,NA,NA,NA,NA,NA,NA,NA,NA,NA,0.075
"SJP092","SJP092",4466,2016,NA,NA,NA,NA,NA,NA,NA,NA,NA,NA,NA,NA,NA,NA,0.541142535733384,0.886785342128101,20.8431888888889,16.5064430362416,10.5862838709677,7.34791339098587,7121.6738873382,7231.71235383236,NA,NA,NA,NA,NA,NA,NA,NA,NA,NA,NA,NA,NA,NA,NA,NA,NA,NA,NA,NA,NA,NA,NA,NA,NA,NA,NA,NA,NA,NA,NA,0.541142535733384,0.886785342128101,20.8431888888889,16.5064430362416,NA,NA,NA,NA,NA,NA,NA,NA,NA,NA,NA,0.541142535733384,0.886785342128101,20.8431888888889,16.5064430362416,NA,NA,NA,NA,NA,NA,NA,NA,NA,NA,NA,NA,NA,NA,NA,NA,NA,NA,NA,NA,NA,NA,NA,NA,0.154
"SJP093","SJP093",3304,2008,NA,NA,NA,NA,NA,NA,NA,NA,NA,NA,NA,NA,NA,NA,0.260834954914198,0.287061326811137,26.9241618347339,11.930229464851,10.7896601890756,6.14897981417622,7031.1733911352,8478.98142779545,NA,NA,NA,NA,NA,NA,NA,NA,NA,NA,NA,NA,NA,NA,NA,NA,NA,NA,NA,NA,NA,NA,NA,NA,NA,NA,NA,NA,NA,NA,NA,0.260834954914198,0.287061326811137,26.9241618347339,11.930229464851,NA,NA,NA,NA,NA,NA,NA,NA,NA,NA,NA,0.260834954914198,0.287061326811137,26.9241618347339,11.930229464851,NA,NA,NA,NA,NA,NA,NA,NA,NA,NA,NA,NA,NA,NA,NA,NA,NA,NA,NA,NA,NA,NA,NA,NA,0.049
"SJM114","SJM114",4451,2016,NA,NA,NA,NA,NA,NA,NA,NA,NA,NA,NA,NA,NA,NA,1.44982798427923,5.57305907502684,6.25873832213398,4.18139156181815,5.25750146609652,12.8738770470459,1584.1700477464,1806.01983105428,NA,NA,NA,NA,NA,NA,NA,NA,NA,NA,NA,NA,NA,NA,NA,NA,NA,NA,NA,NA,NA,NA,NA,NA,NA,NA,NA,NA,NA,NA,NA,1.44982798427923,5.57305907502684,6.25873832213398,4.18139156181815,NA,NA,NA,NA,NA,NA,NA,NA,NA,NA,NA,1.44982798427923,5.57305907502684,6.25873832213398,4.18139156181815,NA,NA,NA,NA,NA,NA,NA,NA,NA,NA,NA,NA,NA,NA,NA,NA,NA,NA,NA,NA,NA,NA,NA,NA,0
"TJM319","TJM319",4527,2016,NA,NA,NA,NA,NA,NA,NA,NA,NA,NA,NA,NA,NA,NA,2.07757618348002,15.8250937045152,6.97086980410893,3.68413314510565,8.26896526516961,18.5900478802889,924.564339405352,900.224691331649,NA,NA,NA,NA,NA,NA,NA,NA,NA,NA,NA,NA,NA,NA,NA,NA,NA,NA,NA,NA,NA,NA,NA,NA,NA,NA,NA,NA,NA,NA,NA,2.07757618348002,15.8250937045152,6.97086980410893,3.68413314510565,NA,NA,NA,NA,NA,NA,NA,NA,NA,NA,NA,2.07757618348002,15.8250937045152,6.97086980410893,3.68413314510565,NA,NA,NA,NA,NA,NA,NA,NA,NA,NA,NA,NA,NA,NA,NA,NA,NA,NA,NA,NA,NA,NA,NA,NA,0
"TJM498","TJM498",4528,2016,NA,NA,NA,NA,NA,NA,NA,NA,NA,NA,NA,NA,NA,NA,1.0011951452912,6.18789652659676,8.28982229601518,4.01141138698519,5.49810332068311,13.5344369751424,2063.59714160167,1656.30620753384,NA,NA,NA,NA,NA,NA,NA,NA,NA,NA,NA,NA,NA,NA,NA,NA,NA,NA,NA,NA,NA,NA,NA,NA,NA,NA,NA,NA,NA,NA,NA,1.0011951452912,6.18789652659676,8.28982229601518,4.01141138698519,NA,NA,NA,NA,NA,NA,NA,NA,NA,NA,NA,1.0011951452912,6.18789652659676,8.28982229601518,4.01141138698519,NA,NA,NA,NA,NA,NA,NA,NA,NA,NA,NA,NA,NA,NA,NA,NA,NA,NA,NA,NA,NA,NA,NA,NA,0
"RP1804","RP1804",4144,2014,NA,NA,NA,NA,NA,NA,NA,NA,NA,NA,NA,NA,NA,NA,0.265624798649838,0.314104972253245,30.2719135278515,15.7018666773881,12.0024809018568,7.89398969012328,8454.70059388012,10718.9654228414,NA,NA,NA,NA,NA,NA,NA,NA,NA,NA,NA,NA,NA,NA,NA,NA,NA,NA,NA,NA,NA,NA,NA,NA,NA,NA,NA,NA,NA,NA,NA,0.265624798649838,0.314104972253245,30.2719135278515,15.7018666773881,NA,NA,NA,NA,NA,NA,NA,NA,NA,NA,NA,0.265624798649838,0.314104972253245,30.2719135278515,15.7018666773881,NA,NA,NA,NA,NA,NA,NA,NA,NA,NA,NA,NA,NA,NA,NA,NA,NA,NA,NA,NA,NA,NA,NA,NA,0.153
"PRM004","PRM004",4400,2016,NA,NA,NA,NA,NA,NA,NA,NA,NA,NA,NA,NA,NA,NA,0.229830887561612,0.323926691108006,38.6395893081761,10.0122471092598,15.1279542976939,6.1310853527767,4801.27906650151,3005.02739238958,NA,NA,NA,NA,NA,NA,NA,NA,NA,NA,NA,NA,NA,NA,NA,NA,NA,NA,NA,NA,NA,NA,NA,NA,NA,NA,NA,NA,NA,NA,NA,0.229830887561612,0.323926691108006,38.6395893081761,10.0122471092598,NA,NA,NA,NA,NA,NA,NA,NA,NA,NA,NA,0.229830887561612,0.323926691108006,38.6395893081761,10.0122471092598,NA,NA,NA,NA,NA,NA,NA,NA,NA,NA,NA,NA,NA,NA,NA,NA,NA,NA,NA,NA,NA,NA,NA,NA,0.117
"PRM010","PRM010",4401,2016,NA,NA,NA,NA,NA,NA,NA,NA,NA,NA,NA,NA,NA,NA,0.136282388161303,0.262236871898231,39.2703626415094,15.5236693421349,7.20782452830189,5.1038502983304,22126.2709177104,15963.2506395514,NA,NA,NA,NA,NA,NA,NA,NA,NA,NA,NA,NA,NA,NA,NA,NA,NA,NA,NA,NA,NA,NA,NA,NA,NA,NA,NA,NA,NA,NA,NA,0.136282388161303,0.262236871898231,39.2703626415094,15.5236693421349,NA,NA,NA,NA,NA,NA,NA,NA,NA,NA,NA,0.136282388161303,0.262236871898231,39.2703626415094,15.5236693421349,NA,NA,NA,NA,NA,NA,NA,NA,NA,NA,NA,NA,NA,NA,NA,NA,NA,NA,NA,NA,NA,NA,NA,NA,0.143
"PRM011","PRM011",4402,2016,NA,NA,NA,NA,NA,NA,NA,NA,NA,NA,NA,NA,NA,NA,0.140727192353086,0.188627588659618,36.9284225845411,12.8164602143072,8.55682644927536,5.31864064723103,9816.13713973304,9733.91632235476,NA,NA,NA,NA,NA,NA,NA,NA,NA,NA,NA,NA,NA,NA,NA,NA,NA,NA,NA,NA,NA,NA,NA,NA,NA,NA,NA,NA,NA,NA,NA,0.140727192353086,0.188627588659618,36.9284225845411,12.8164602143072,NA,NA,NA,NA,NA,NA,NA,NA,NA,NA,NA,0.140727192353086,0.188627588659618,36.9284225845411,12.8164602143072,NA,NA,NA,NA,NA,NA,NA,NA,NA,NA,NA,NA,NA,NA,NA,NA,NA,NA,NA,NA,NA,NA,NA,NA,0.131
"PRM012","PRM012",4403,2016,NA,NA,NA,NA,NA,NA,NA,NA,NA,NA,NA,NA,NA,NA,0.17585645340669,0.188490873165018,35.6253128668172,14.6003932992329,10.7780769751693,7.48207243623692,10686.9280404716,10996.5385401492,NA,NA,NA,NA,NA,NA,NA,NA,NA,NA,NA,NA,NA,NA,NA,NA,NA,NA,NA,NA,NA,NA,NA,NA,NA,NA,NA,NA,NA,NA,NA,0.17585645340669,0.188490873165018,35.6253128668172,14.6003932992329,NA,NA,NA,NA,NA,NA,NA,NA,NA,NA,NA,0.17585645340669,0.188490873165018,35.6253128668172,14.6003932992329,NA,NA,NA,NA,NA,NA,NA,NA,NA,NA,NA,NA,NA,NA,NA,NA,NA,NA,NA,NA,NA,NA,NA,NA,0.085
"SJ1OZ3","SJ1OZ3",4449,2016,NA,NA,NA,NA,NA,NA,NA,NA,NA,NA,NA,NA,NA,NA,2.86970763379457,10.626581583542,5.69088428343101,4.05307539679903,12.3554210708578,31.4903223102642,1062.47400964931,1355.63129776411,NA,NA,NA,NA,NA,NA,NA,NA,NA,NA,NA,NA,NA,NA,NA,NA,NA,NA,NA,NA,NA,NA,NA,NA,NA,NA,NA,NA,NA,NA,NA,2.86970763379457,10.626581583542,5.69088428343101,4.05307539679903,NA,NA,NA,NA,NA,NA,NA,NA,NA,NA,NA,2.86970763379457,10.626581583542,5.69088428343101,4.05307539679903,NA,NA,NA,NA,NA,NA,NA,NA,NA,NA,NA,NA,NA,NA,NA,NA,NA,NA,NA,NA,NA,NA,NA,NA,0
"SJ1OZ4","SJ1OZ4",4450,2016,NA,NA,NA,NA,NA,NA,NA,NA,NA,NA,NA,NA,NA,NA,1.4447316306354,8.0607294801816,5.04498287243533,3.1053495656781,4.82985655664585,14.6343990879967,2392.77253891605,2694.59908589016,NA,NA,NA,NA,NA,NA,NA,NA,NA,NA,NA,NA,NA,NA,NA,NA,NA,NA,NA,NA,NA,NA,NA,NA,NA,NA,NA,NA,NA,NA,NA,1.4447316306354,8.0607294801816,5.04498287243533,3.1053495656781,NA,NA,NA,NA,NA,NA,NA,NA,NA,NA,NA,1.4447316306354,8.0607294801816,5.04498287243533,3.1053495656781,NA,NA,NA,NA,NA,NA,NA,NA,NA,NA,NA,NA,NA,NA,NA,NA,NA,NA,NA,NA,NA,NA,NA,NA,0
"SJ1P35","SJ1P35",3867,2012,NA,NA,NA,NA,NA,NA,NA,NA,NA,NA,NA,NA,NA,NA,0.305907150919969,0.275904358611912,41.3315646575342,14.8053783098702,19.3543938812785,6.00961622687377,4223.77582357069,4004.41706278574,NA,NA,NA,NA,NA,NA,NA,NA,NA,NA,NA,NA,NA,NA,NA,NA,NA,NA,NA,NA,NA,NA,NA,NA,NA,NA,NA,NA,NA,NA,NA,0.305907150919969,0.275904358611912,41.3315646575342,14.8053783098702,NA,NA,NA,NA,NA,NA,NA,NA,NA,NA,NA,0.305907150919969,0.275904358611912,41.3315646575342,14.8053783098702,NA,NA,NA,NA,NA,NA,NA,NA,NA,NA,NA,NA,NA,NA,NA,NA,NA,NA,NA,NA,NA,NA,NA,NA,0.045
"SJ1P36","SJ1P36",4305,2015,NA,NA,NA,NA,NA,NA,NA,NA,NA,NA,NA,NA,NA,NA,0.222732057928762,0.11807848688679,34.9088605233853,9.04970402279197,14.2595365256125,4.8741241973571,5510.57212878866,3870.39185226304,NA,NA,NA,NA,NA,NA,NA,NA,NA,NA,NA,NA,NA,NA,NA,NA,NA,NA,NA,NA,NA,NA,NA,NA,NA,NA,NA,NA,NA,NA,NA,0.222732057928762,0.11807848688679,34.9088605233853,9.04970402279197,NA,NA,NA,NA,NA,NA,NA,NA,NA,NA,NA,0.222732057928762,0.11807848688679,34.9088605233853,9.04970402279197,NA,NA,NA,NA,NA,NA,NA,NA,NA,NA,NA,NA,NA,NA,NA,NA,NA,NA,NA,NA,NA,NA,NA,NA,0
"SJM086","SJM086",4306,2015,NA,NA,NA,NA,NA,NA,NA,NA,NA,NA,NA,NA,NA,NA,0.300069070054084,0.208642700133912,36.9418749244713,11.8090102806831,18.8607628398792,5.88248070892609,4645.6762307735,2006.54181685011,NA,NA,NA,NA,NA,NA,NA,NA,NA,NA,NA,NA,NA,NA,NA,NA,NA,NA,NA,NA,NA,NA,NA,NA,NA,NA,NA,NA,NA,NA,NA,0.300069070054084,0.208642700133912,36.9418749244713,11.8090102806831,NA,NA,NA,NA,NA,NA,NA,NA,NA,NA,NA,0.300069070054084,0.208642700133912,36.9418749244713,11.8090102806831,NA,NA,NA,NA,NA,NA,NA,NA,NA,NA,NA,NA,NA,NA,NA,NA,NA,NA,NA,NA,NA,NA,NA,NA,0.054
"SJP81D","SJP81D",4180,2014,NA,NA,NA,NA,NA,NA,NA,NA,NA,NA,NA,NA,NA,NA,0.813617982473778,1.72425952816885,5.09201816239316,2.99877725035551,3.20239508547009,3.66655383501914,1645.00184407286,1728.88065273197,NA,NA,NA,NA,NA,NA,NA,NA,NA,NA,NA,NA,NA,NA,NA,NA,NA,NA,NA,NA,NA,NA,NA,NA,NA,NA,NA,NA,NA,NA,NA,0.813617982473778,1.72425952816885,5.09201816239316,2.99877725035551,NA,NA,NA,NA,NA,NA,NA,NA,NA,NA,NA,0.813617982473778,1.72425952816885,5.09201816239316,2.99877725035551,NA,NA,NA,NA,NA,NA,NA,NA,NA,NA,NA,NA,NA,NA,NA,NA,NA,NA,NA,NA,NA,NA,NA,NA,0.193
"SP1D24","SP1D24",4342,2015,NA,NA,NA,NA,NA,NA,NA,NA,NA,NA,NA,NA,NA,NA,1.55988306133028,2.30385502186453,5.7714625,3.66748757641153,8.52957375,6.60306142439744,928.907919596133,876.194508644496,NA,NA,NA,NA,NA,NA,NA,NA,NA,NA,NA,NA,NA,NA,NA,NA,NA,NA,NA,NA,NA,NA,NA,NA,NA,NA,NA,NA,NA,NA,NA,1.55988306133028,2.30385502186453,5.7714625,3.66748757641153,NA,NA,NA,NA,NA,NA,NA,NA,NA,NA,NA,1.55988306133028,2.30385502186453,5.7714625,3.66748757641153,NA,NA,NA,NA,NA,NA,NA,NA,NA,NA,NA,NA,NA,NA,NA,NA,NA,NA,NA,NA,NA,NA,NA,NA,0.157
"SR1782","SR1782",3772,2011,NA,NA,NA,NA,NA,NA,NA,NA,NA,NA,NA,NA,NA,NA,0.328796744854905,0.370654696938613,32.9448843137255,18.2713813559594,13.4089254901961,7.65928749988571,10123.6425045867,10281.3295507554,NA,NA,NA,NA,NA,NA,NA,NA,NA,NA,NA,NA,NA,NA,NA,NA,NA,NA,NA,NA,NA,NA,NA,NA,NA,NA,NA,NA,NA,NA,NA,0.328796744854905,0.370654696938613,32.9448843137255,18.2713813559594,NA,NA,NA,NA,NA,NA,NA,NA,NA,NA,NA,0.328796744854905,0.370654696938613,32.9448843137255,18.2713813559594,NA,NA,NA,NA,NA,NA,NA,NA,NA,NA,NA,NA,NA,NA,NA,NA,NA,NA,NA,NA,NA,NA,NA,NA,0.105
"TJPDT1","TJPDT1",4540,2016,NA,NA,NA,NA,NA,NA,NA,NA,NA,NA,NA,NA,NA,NA,3.61678973843193,14.3226155100712,4.91739064928853,3.82232524281699,11.3527504723185,25.9012304798167,913.297407400046,1344.29861044855,NA,NA,NA,NA,NA,NA,NA,NA,NA,NA,NA,NA,NA,NA,NA,NA,NA,NA,NA,NA,NA,NA,NA,NA,NA,NA,NA,NA,NA,NA,NA,3.61678973843193,14.3226155100712,4.91739064928853,3.82232524281699,NA,NA,NA,NA,NA,NA,NA,NA,NA,NA,NA,3.61678973843193,14.3226155100712,4.91739064928853,3.82232524281699,NA,NA,NA,NA,NA,NA,NA,NA,NA,NA,NA,NA,NA,NA,NA,NA,NA,NA,NA,NA,NA,NA,NA,NA,0
